"Neighborhood","MEDIAN.AGE","AGE.65.AND.UP","AGE.50.TO.64","AGE.35.TO.49","AGE.19.TO.34","AGE.11.TO.18","AGE.10.OR.LESS","FOREIGN.BORN.POPULATION","SQUARE.MILES","FOUR.YEAR.DEGREES","LESS.THAN.HIGH.SCHOOL","HIGH.SCHOOL.DIPLOMA","SOME.COLLEGE","BACHELOR.S.DEGREE","MASTERS.DEGREE.OR.HIGHER","DIVERSITY.INDEX","ASIAN.POPULATION","BLACK.POPULATION","LATINO.POPULATION","WHITE.POPULATION","NON.WHITE.POPULATION","SINGLE.PARENTS","AVERAGE.HOUSEHOLD.SIZE","HOMEOWNERS","RENTERS","Median.Income","X.20.000.or.less","X.20.000.to..40.000","X.40.000.to..60.000","X.60.000.to..125.000","X.125.000.and.up","NEVER.MARRIED.MALES","NEVER.MARRIED.FEMALES","MARRIED.MALES","MARRIED.FEMALES","WIDOWED.MALES","WIDOWED.FEMALES","DIVORCED.MALES","DIVORCED.FEMALES","VETERANS","POPULATION.TOTAL","POPULATION.PER.SQMI","place_ID"
"Veterans Administration",48,0.185,0.282,0.329,0.111,0.03,0.063,0.104,0.9,0.114,0.092,0.295,0.498,0.067,0.048,0.592,0,0.44,0.069,0.456,0.544,0.633,2.5,0,1,60561,0.254,0,1,0,0,0.219,0.27,0.464,0.365,0.054,0,0.263,0.365,0.822,622,683,"Veterans Administration"
"Rolling Hills",46,0.204,0.236,0.232,0.074,0.127,0.128,0.176,3.6,0.607,0.036,0.102,0.255,0.313,0.294,0.396,0.144,0.018,0.049,0.761,0.239,0.027,2.7,0.905,0.095,184777,0.027,0.069,0.083,0.272,0.502,0.196,0.158,0.743,0.73,0.027,0.06,0.034,0.052,0.132,3218,893,"Rolling Hills"
"Palos Verdes Estates",46,0.201,0.24,0.231,0.082,0.113,0.133,0.19,4.7,0.709,0.016,0.074,0.201,0.399,0.31,0.398,0.173,0.011,0.029,0.755,0.245,0.034,2.7,0.905,0.095,167344,0.04,0.08,0.059,0.306,0.473,0.182,0.136,0.765,0.728,0.017,0.085,0.037,0.051,0.145,13340,2822,"Palos Verdes Estates"
"Bel-Air",46,0.209,0.228,0.243,0.124,0.074,0.122,0.241,6.4,0.661,0.042,0.092,0.206,0.297,0.364,0.301,0.082,0.009,0.046,0.83,0.17,0.041,2.4,0.855,0.145,207938,0.063,0.085,0.06,0.192,0.551,0.236,0.154,0.66,0.657,0.022,0.119,0.082,0.07,0.129,7691,1207,"Bel Air"
"Bradbury",46,0.248,0.191,0.24,0.091,0.105,0.126,0.229,1.9,0.472,0.076,0.154,0.298,0.25,0.222,0.513,0.187,0.01,0.119,0.661,0.339,0.036,2.8,0.843,0.157,123773,0.033,0.127,0.135,0.342,0.311,0.213,0.194,0.679,0.574,0.039,0.117,0.069,0.114,0.161,1268,658,"Bradbury"
"Century City",46,0.264,0.181,0.226,0.206,0.038,0.085,0.255,0.7,0.554,0.059,0.112,0.275,0.287,0.267,0.309,0.086,0.014,0.044,0.825,0.175,0.049,1.8,0.604,0.396,95135,0.141,0.133,0.151,0.232,0.282,0.297,0.258,0.561,0.46,0.033,0.17,0.109,0.113,0.119,5513,7869,"Century City"
"Beverly Crest",45,0.17,0.242,0.261,0.133,0.072,0.121,0.25,8.2,0.676,0.045,0.095,0.185,0.347,0.329,0.23,0.04,0.017,0.034,0.875,0.125,0.056,2.4,0.9,0.1,169282,0.064,0.066,0.07,0.275,0.474,0.249,0.204,0.634,0.595,0.016,0.086,0.101,0.115,0.102,10852,1318,"Beverly Crest"
"Rancho Palos Verdes",44,0.187,0.221,0.251,0.104,0.109,0.128,0.268,13.4,0.58,0.042,0.119,0.259,0.318,0.262,0.537,0.252,0.021,0.056,0.628,0.372,0.048,2.7,0.819,0.181,128321,0.051,0.113,0.108,0.366,0.342,0.204,0.161,0.718,0.663,0.024,0.096,0.053,0.081,0.139,41301,3084,"Rancho Palos Verdes"
"Rancho Dominguez",44,0.144,0.259,0.215,0.174,0.072,0.136,0.147,2.7,0.174,0.164,0.307,0.355,0.113,0.06,0.701,0.077,0.279,0.161,0.432,0.568,0.108,2.5,0.868,0.132,72097,0.132,0.157,0.333,0.381,0,0.244,0.288,0.623,0.474,0.039,0.078,0.094,0.159,0.142,2526,947,"Rancho Dominguez"
"Pacific Palisades",43,0.174,0.22,0.265,0.102,0.088,0.15,0.155,22.8,0.709,0.023,0.064,0.204,0.356,0.353,0.21,0.055,0.004,0.032,0.886,0.114,0.065,2.4,0.825,0.175,168008,0.056,0.081,0.094,0.252,0.477,0.206,0.166,0.687,0.616,0.026,0.097,0.082,0.12,0.117,23940,1048,"Pacific Palisades"
"View Park-Windsor Hills",43,0.201,0.199,0.243,0.143,0.097,0.117,0.06,1.8,0.45,0.072,0.124,0.354,0.263,0.187,0.246,0.015,0.865,0.027,0.05,0.95,0.096,2.4,0.757,0.243,81214,0.116,0.199,0.162,0.308,0.169,0.297,0.247,0.585,0.464,0.031,0.122,0.087,0.167,0.155,11066,6008,"View Park Windsor Hills"
"Rolling Hills Estates",43,0.173,0.223,0.258,0.085,0.122,0.14,0.189,3.8,0.602,0.032,0.114,0.252,0.32,0.283,0.469,0.197,0.013,0.056,0.698,0.302,0.051,2.7,0.91,0.09,145628,0.052,0.085,0.102,0.31,0.415,0.181,0.183,0.766,0.68,0.023,0.069,0.03,0.068,0.118,8334,2185,"Rolling Hills Estates"
"La Habra Heights",43,0.169,0.225,0.239,0.126,0.118,0.123,0.22,6.2,0.493,0.073,0.186,0.248,0.265,0.228,0.539,0.193,0.023,0.119,0.639,0.361,0.041,2.9,0.942,0.058,137034,0.046,0.086,0.103,0.34,0.379,0.246,0.19,0.662,0.682,0.019,0.089,0.073,0.038,0.13,6094,979,"La Habra Heights"
"Westlake Village",43,0.172,0.229,0.248,0.116,0.104,0.132,0.134,5.6,0.514,0.047,0.106,0.333,0.289,0.225,0.261,0.062,0.005,0.045,0.855,0.145,0.052,2.5,0.87,0.13,126550,0.076,0.1,0.125,0.337,0.353,0.165,0.162,0.745,0.656,0.026,0.088,0.064,0.093,0.141,8663,1534,"Westlake Village"
"Ladera Heights",43,0.189,0.223,0.233,0.136,0.089,0.13,0.067,2.9,0.534,0.026,0.102,0.338,0.269,0.265,0.456,0.033,0.71,0.033,0.191,0.809,0.1,2.5,0.768,0.232,117925,0.046,0.114,0.14,0.35,0.326,0.279,0.192,0.625,0.517,0.014,0.109,0.082,0.182,0.131,6509,2214,"Ladera Heights"
"Encino",42,0.197,0.185,0.244,0.188,0.074,0.111,0.328,9.5,0.468,0.093,0.162,0.277,0.262,0.206,0.346,0.049,0.024,0.085,0.801,0.199,0.092,2.3,0.616,0.384,78529,0.16,0.181,0.158,0.252,0.221,0.279,0.221,0.602,0.532,0.03,0.111,0.089,0.136,0.106,41905,4411,"Encino"
"Sierra Madre",42,0.16,0.201,0.281,0.161,0.08,0.117,0.105,3,0.497,0.055,0.128,0.319,0.281,0.216,0.353,0.052,0.012,0.099,0.795,0.205,0.057,2.2,0.625,0.375,88008,0.083,0.181,0.166,0.335,0.201,0.28,0.225,0.587,0.513,0.018,0.111,0.114,0.151,0.117,10578,3563,"Sierra Madre"
"Topanga",42,0.097,0.231,0.325,0.131,0.085,0.132,0.158,19.2,0.59,0.042,0.124,0.243,0.316,0.274,0.227,0.037,0.006,0.046,0.876,0.124,0.064,2.4,0.764,0.236,120319,0.092,0.119,0.122,0.274,0.33,0.263,0.235,0.613,0.585,0.004,0.054,0.121,0.126,0.094,7425,386,"Topanga"
"Malibu",42,0.137,0.228,0.268,0.157,0.095,0.114,0.144,19.9,0.594,0.041,0.095,0.27,0.327,0.267,0.207,0.015,0.012,0.055,0.888,0.112,0.08,2.4,0.72,0.28,138215,0.085,0.085,0.085,0.249,0.344,0.306,0.233,0.582,0.56,0.01,0.073,0.102,0.134,0.11,12514,629,"Malibu"
"Cheviot Hills",42,0.182,0.186,0.247,0.173,0.082,0.129,0.208,1.5,0.6,0.052,0.1,0.248,0.285,0.315,0.364,0.091,0.013,0.083,0.788,0.212,0.103,2.2,0.643,0.357,111813,0.109,0.119,0.134,0.27,0.327,0.321,0.234,0.576,0.526,0.026,0.1,0.077,0.141,0.107,6945,4520,"Cheviot Hills"
"San Marino",42,0.169,0.181,0.253,0.118,0.144,0.135,0.372,3.8,0.697,0.046,0.063,0.195,0.367,0.33,0.584,0.468,0.005,0.048,0.44,0.56,0.053,3,0.916,0.084,158855,0.063,0.072,0.082,0.291,0.451,0.228,0.191,0.734,0.665,0.013,0.082,0.025,0.062,0.095,12973,3428,"San Marino"
"San Pasqual",41,0.12,0.189,0.301,0.214,0.077,0.099,0.326,0.3,0.572,0.101,0.081,0.246,0.302,0.27,0.601,0.179,0.031,0.179,0.577,0.423,0.043,2.3,0.621,0.379,92917,0.135,0.198,0.129,0.198,0.3,0.35,0.192,0.537,0.569,0.025,0.086,0.088,0.153,0.069,2082,8036,"San Pasqual"
"Angeles Crest",41,0.107,0.206,0.31,0.202,0.066,0.108,0.074,430.5,0.241,0.123,0.242,0.394,0.122,0.119,0.452,0.024,0.104,0.117,0.723,0.277,0.065,2.3,0.882,0.118,72841,0.172,0.145,0.163,0.298,0.124,0.316,0.167,0.512,0.597,0.021,0.122,0.151,0.113,0.189,1175,3,"Angeles Crest"
"Porter Ranch",41,0.12,0.221,0.265,0.141,0.116,0.136,0.336,5.6,0.514,0.07,0.142,0.274,0.335,0.179,0.551,0.268,0.018,0.075,0.609,0.391,0.038,3,0.918,0.082,121428,0.065,0.104,0.127,0.378,0.314,0.227,0.189,0.719,0.674,0.014,0.079,0.04,0.059,0.085,24923,4462,"Porter Ranch"
"Beverly Hills",41,0.177,0.187,0.234,0.193,0.107,0.101,0.382,5.7,0.545,0.092,0.13,0.233,0.297,0.248,0.32,0.076,0.014,0.048,0.818,0.182,0.09,2.2,0.435,0.565,96312,0.142,0.139,0.132,0.255,0.281,0.33,0.296,0.58,0.482,0.027,0.115,0.063,0.107,0.074,33829,5933,"Beverly Hills"
"La Cañada Flintridge",41,0.14,0.198,0.269,0.082,0.156,0.155,0.195,8.6,0.635,0.041,0.087,0.236,0.339,0.296,0.457,0.196,0.005,0.047,0.707,0.293,0.069,2.9,0.9,0.1,148996,0.077,0.075,0.101,0.305,0.428,0.207,0.183,0.727,0.669,0.023,0.084,0.043,0.064,0.114,20381,2369,"La Cañada Flintridge"
"Northwest Antelope Valley",41,0.152,0.188,0.27,0.12,0.124,0.145,0.062,213.9,0.149,0.189,0.292,0.37,0.095,0.054,0.372,0.026,0.021,0.143,0.778,0.222,0.058,2.6,0.814,0.186,58899,0.208,0.206,0.19,0.265,0.033,0.203,0.152,0.632,0.603,0.029,0.102,0.136,0.144,0.159,3343,16,"Northwest Antelope Valley"
"Hollywood Hills West",41,0.14,0.184,0.313,0.252,0.038,0.072,0.254,4.9,0.588,0.05,0.115,0.247,0.347,0.241,0.273,0.039,0.027,0.058,0.849,0.151,0.058,1.9,0.636,0.364,108199,0.117,0.143,0.111,0.233,0.335,0.51,0.327,0.384,0.48,0.018,0.084,0.088,0.109,0.084,14860,3048,"Hollywood Hills West"
"Leona Valley",41,0.079,0.206,0.324,0.055,0.187,0.149,0.089,15.3,0.329,0.063,0.173,0.434,0.194,0.136,0.353,0.055,0.005,0.072,0.796,0.204,0.066,3.1,0.904,0.096,117526,0.079,0.121,0.078,0.443,0.197,0.195,0.149,0.689,0.735,0.034,0.061,0.082,0.055,0.167,1374,90,"Leona Valley"
"Hidden Hills",41,0.1,0.227,0.252,0.084,0.156,0.181,0.127,1.7,0.579,0.077,0.088,0.256,0.299,0.28,0.207,0.027,0.004,0.062,0.887,0.113,0.047,3.3,0.97,0.03,203199,0.031,0.068,0.059,0.168,0.646,0.165,0.165,0.766,0.739,0.014,0.045,0.055,0.051,0.103,1875,1100,"Hidden Hills"
"West San Dimas",41,0.105,0.225,0.277,0.138,0.107,0.149,0.228,0.3,0.458,0.059,0.125,0.358,0.297,0.16,0.581,0.155,0.029,0.199,0.595,0.405,0.035,2.8,0.873,0.127,125984,0.038,0.085,0.127,0.449,0.262,0.217,0.184,0.707,0.645,0.025,0.091,0.05,0.08,0.126,309,937,"West San Dimas"
"Southeast Antelope Valley",41,0.141,0.194,0.282,0.121,0.127,0.134,0.103,193,0.217,0.172,0.232,0.38,0.126,0.091,0.393,0.019,0.015,0.164,0.76,0.24,0.08,2.6,0.823,0.177,70134,0.198,0.148,0.139,0.294,0.076,0.244,0.201,0.64,0.627,0.028,0.087,0.088,0.085,0.162,5271,27,"Southeast Antelope Valley"
"Chatsworth",40,0.13,0.197,0.261,0.176,0.105,0.131,0.252,15.2,0.34,0.109,0.215,0.336,0.223,0.116,0.527,0.144,0.022,0.135,0.657,0.343,0.1,2.6,0.711,0.289,84456,0.113,0.155,0.196,0.367,0.149,0.286,0.223,0.611,0.565,0.022,0.096,0.081,0.117,0.108,35073,2301,"Chatsworth"
"Northwest Palmdale",40,0.118,0.216,0.257,0.092,0.171,0.145,0.086,5.8,0.214,0.119,0.272,0.395,0.145,0.069,0.421,0.036,0.015,0.12,0.746,0.254,0.066,3,0.878,0.122,103013,0.086,0.086,0.155,0.401,0.19,0.261,0.18,0.659,0.632,0.036,0.095,0.044,0.093,0.136,3125,540,"Northwest Palmdale"
"Agua Dulce",40,0.061,0.215,0.342,0.116,0.129,0.137,0.044,31.5,0.207,0.123,0.267,0.403,0.159,0.048,0.282,0.002,0.002,0.109,0.839,0.161,0.048,2.9,0.874,0.126,106078,0.085,0.098,0.107,0.535,0.151,0.23,0.164,0.685,0.756,0.006,0.049,0.078,0.03,0.142,3130,99,"Agua Dulce"
"Arcadia",40,0.157,0.168,0.259,0.168,0.125,0.122,0.436,11.2,0.444,0.103,0.167,0.285,0.271,0.173,0.62,0.454,0.008,0.099,0.403,0.597,0.098,2.7,0.623,0.377,75808,0.138,0.198,0.168,0.298,0.152,0.295,0.23,0.622,0.561,0.024,0.111,0.059,0.098,0.08,52951,4749,"Arcadia"
"Woodland Hills",40,0.161,0.181,0.259,0.198,0.081,0.12,0.248,14.8,0.47,0.064,0.153,0.313,0.297,0.173,0.374,0.071,0.029,0.076,0.783,0.217,0.094,2.3,0.631,0.369,89946,0.134,0.144,0.15,0.32,0.206,0.295,0.215,0.583,0.557,0.023,0.095,0.098,0.132,0.107,59661,4040,"Woodland Hills"
"West Hollywood",39,0.169,0.147,0.299,0.328,0.022,0.035,0.359,1.9,0.468,0.089,0.166,0.277,0.311,0.157,0.33,0.04,0.028,0.09,0.812,0.188,0.096,1.5,0.216,0.784,52855,0.254,0.236,0.177,0.207,0.085,0.639,0.393,0.24,0.325,0.024,0.136,0.097,0.146,0.062,35716,18924,"West Hollywood"
"Shadow Hills",39,0.13,0.192,0.259,0.181,0.103,0.136,0.265,12.8,0.251,0.171,0.224,0.354,0.149,0.102,0.562,0.069,0.013,0.287,0.591,0.409,0.09,2.8,0.777,0.223,82796,0.147,0.153,0.174,0.383,0.116,0.308,0.23,0.573,0.547,0.024,0.093,0.095,0.13,0.109,13098,1023,"Shadow Hills"
"Downtown",39,0.16,0.166,0.265,0.285,0.049,0.075,0.419,5.8,0.179,0.41,0.201,0.209,0.101,0.078,0.743,0.213,0.223,0.367,0.162,0.838,0.135,1.6,0.066,0.934,15003,0.574,0.138,0.053,0.084,0.032,0.455,0.329,0.351,0.405,0.047,0.167,0.147,0.099,0.097,27849,4770,"Downtown"
"West Hills",39,0.134,0.185,0.269,0.152,0.11,0.15,0.227,8.5,0.383,0.095,0.184,0.338,0.248,0.135,0.47,0.113,0.025,0.11,0.709,0.291,0.073,2.9,0.874,0.126,103008,0.073,0.132,0.163,0.411,0.205,0.255,0.196,0.659,0.629,0.02,0.076,0.066,0.099,0.114,38814,4551,"West Hills"
"Brentwood",39,0.172,0.18,0.223,0.284,0.054,0.087,0.211,15.2,0.704,0.037,0.076,0.183,0.371,0.333,0.283,0.065,0.012,0.045,0.842,0.158,0.057,2,0.516,0.484,112927,0.101,0.112,0.131,0.291,0.324,0.364,0.366,0.532,0.43,0.027,0.077,0.078,0.127,0.084,31344,2059,"Brentwood"
"Beverlywood",39,0.165,0.151,0.257,0.162,0.092,0.173,0.245,0.8,0.553,0.074,0.141,0.232,0.265,0.288,0.348,0.073,0.042,0.061,0.8,0.2,0.069,2.5,0.703,0.297,105253,0.114,0.144,0.121,0.285,0.309,0.265,0.211,0.646,0.58,0.035,0.122,0.055,0.087,0.077,6080,7654,"Beverlywood"
"Culver City",39,0.139,0.17,0.273,0.201,0.084,0.132,0.266,5.2,0.412,0.128,0.153,0.306,0.239,0.173,0.681,0.123,0.107,0.238,0.483,0.517,0.134,2.3,0.544,0.456,70774,0.141,0.206,0.211,0.306,0.107,0.346,0.286,0.543,0.476,0.022,0.086,0.088,0.151,0.097,38816,7475,"Culver City"
"West Los Angeles",38,0.174,0.156,0.248,0.289,0.045,0.087,0.285,1,0.604,0.055,0.097,0.244,0.33,0.275,0.393,0.114,0.024,0.053,0.767,0.233,0.062,1.9,0.49,0.51,86403,0.147,0.132,0.175,0.285,0.225,0.373,0.329,0.525,0.447,0.026,0.112,0.077,0.112,0.085,12659,12061,"West Los Angeles"
"Torrance",38,0.141,0.156,0.275,0.189,0.104,0.135,0.276,20.6,0.364,0.094,0.202,0.339,0.248,0.117,0.628,0.286,0.019,0.129,0.521,0.479,0.098,2.5,0.56,0.44,76866,0.137,0.193,0.182,0.345,0.116,0.305,0.221,0.588,0.555,0.026,0.106,0.081,0.117,0.108,137933,6701,"Torrance"
"Monterey Park",38,0.181,0.157,0.22,0.222,0.093,0.128,0.536,7.7,0.251,0.284,0.203,0.262,0.177,0.074,0.537,0.611,0.001,0.288,0.074,0.926,0.108,3,0.541,0.459,55210,0.23,0.245,0.18,0.248,0.066,0.328,0.276,0.593,0.535,0.023,0.119,0.055,0.07,0.063,59933,7823,"Monterey Park"
"Northeast Antelope Valley",38,0.134,0.187,0.244,0.159,0.133,0.143,0.132,442,0.097,0.26,0.277,0.366,0.058,0.038,0.548,0.018,0.079,0.246,0.62,0.38,0.116,2.7,0.738,0.262,52234,0.226,0.197,0.177,0.192,0.03,0.268,0.181,0.572,0.601,0.027,0.101,0.133,0.118,0.168,4550,10,"Northeast Antelope Valley"
"La Crescenta-Montrose",38,0.112,0.162,0.29,0.154,0.134,0.147,0.284,3.4,0.408,0.08,0.173,0.338,0.259,0.149,0.514,0.198,0.005,0.096,0.66,0.34,0.088,2.7,0.648,0.352,82693,0.122,0.175,0.18,0.342,0.157,0.279,0.219,0.638,0.586,0.027,0.084,0.055,0.111,0.109,18507,5401,"La Crescenta Montrose"
"Marina del Rey",38,0.097,0.196,0.303,0.334,0.016,0.053,0.239,1.5,0.623,0.028,0.077,0.271,0.393,0.231,0.377,0.082,0.048,0.05,0.781,0.219,0.11,1.5,0.082,0.918,92763,0.099,0.114,0.136,0.35,0.142,0.394,0.38,0.365,0.384,0.014,0.051,0.227,0.185,0.093,8302,5706,"Marina del Rey"
"Calabasas",38,0.081,0.187,0.29,0.15,0.132,0.16,0.19,18.5,0.571,0.03,0.113,0.286,0.334,0.237,0.298,0.082,0.01,0.053,0.832,0.168,0.101,2.7,0.797,0.203,126178,0.068,0.106,0.118,0.315,0.372,0.235,0.207,0.692,0.637,0.013,0.049,0.06,0.107,0.083,23130,1247,"Calabasas"
"Cerritos",38,0.095,0.227,0.239,0.179,0.13,0.129,0.455,8.9,0.435,0.095,0.162,0.309,0.293,0.142,0.599,0.583,0.064,0.105,0.21,0.79,0.055,3.3,0.834,0.166,98212,0.077,0.145,0.157,0.434,0.173,0.313,0.242,0.635,0.605,0.017,0.077,0.035,0.077,0.083,51831,5851,"Cerritos"
"Playa del Rey",38,0.11,0.184,0.279,0.303,0.046,0.078,0.162,2.8,0.592,0.028,0.083,0.297,0.363,0.229,0.451,0.079,0.039,0.1,0.726,0.274,0.075,1.9,0.47,0.53,91339,0.099,0.149,0.155,0.352,0.204,0.46,0.367,0.419,0.427,0.013,0.052,0.108,0.155,0.107,9755,3542,"Playa del Rey"
"Windsor Square",38,0.124,0.16,0.295,0.177,0.079,0.166,0.45,0.7,0.461,0.132,0.147,0.26,0.264,0.197,0.661,0.416,0.043,0.148,0.377,0.623,0.098,2.5,0.41,0.59,61767,0.236,0.215,0.125,0.184,0.208,0.323,0.266,0.598,0.533,0.014,0.112,0.066,0.089,0.065,5642,8255,"Windsor Square"
"Beverly Grove",38,0.204,0.129,0.245,0.338,0.034,0.05,0.363,1.6,0.5,0.11,0.147,0.244,0.346,0.154,0.319,0.051,0.02,0.06,0.82,0.18,0.074,1.7,0.252,0.748,63039,0.21,0.195,0.194,0.249,0.106,0.532,0.405,0.352,0.327,0.037,0.136,0.079,0.132,0.051,21417,12990,"Beverly Grove"
"Temple City",38,0.138,0.166,0.251,0.192,0.108,0.145,0.386,4,0.285,0.165,0.206,0.344,0.196,0.089,0.665,0.385,0.009,0.203,0.381,0.619,0.114,2.9,0.63,0.37,65965,0.167,0.225,0.2,0.316,0.065,0.302,0.247,0.604,0.537,0.028,0.113,0.066,0.103,0.087,33296,8366,"Temple City"
"Tarzana",38,0.152,0.172,0.25,0.199,0.092,0.135,0.351,8.8,0.403,0.136,0.173,0.287,0.243,0.16,0.471,0.05,0.036,0.151,0.707,0.293,0.117,2.5,0.587,0.413,73195,0.172,0.212,0.14,0.252,0.193,0.319,0.241,0.57,0.528,0.026,0.103,0.085,0.128,0.092,35502,4038,"Tarzana"
"Leimert Park",38,0.176,0.154,0.243,0.172,0.108,0.146,0.107,1.2,0.219,0.182,0.198,0.4,0.13,0.089,0.351,0.046,0.796,0.114,0.012,0.988,0.277,2.2,0.459,0.541,45865,0.29,0.25,0.169,0.18,0.058,0.387,0.345,0.453,0.335,0.046,0.154,0.114,0.166,0.111,11782,9880,"Leimert Park"
"West Carson",38,0.15,0.179,0.237,0.197,0.101,0.135,0.342,2.3,0.237,0.254,0.208,0.301,0.171,0.066,0.748,0.258,0.105,0.297,0.29,0.71,0.1,2.8,0.749,0.251,66805,0.169,0.205,0.209,0.306,0.076,0.298,0.248,0.563,0.528,0.036,0.109,0.103,0.116,0.098,21010,9219,"West Carson"
"Studio City",38,0.132,0.164,0.287,0.274,0.045,0.097,0.211,6.3,0.494,0.048,0.127,0.332,0.32,0.174,0.378,0.054,0.037,0.087,0.78,0.22,0.112,1.9,0.441,0.559,75657,0.13,0.199,0.189,0.287,0.164,0.421,0.327,0.437,0.44,0.025,0.095,0.117,0.138,0.088,34034,5395,"Studio City"
"Santa Monica",38,0.143,0.163,0.28,0.265,0.057,0.092,0.248,8.6,0.548,0.09,0.12,0.242,0.316,0.232,0.465,0.071,0.035,0.135,0.713,0.287,0.128,1.8,0.298,0.702,69013,0.193,0.179,0.155,0.249,0.154,0.446,0.374,0.418,0.384,0.023,0.087,0.113,0.155,0.073,84084,9817,"Santa Monica"
"North El Monte",37,0.152,0.157,0.238,0.204,0.091,0.159,0.37,0.4,0.243,0.169,0.245,0.343,0.18,0.064,0.678,0.261,0.014,0.307,0.398,0.602,0.108,2.8,0.646,0.354,56577,0.181,0.283,0.168,0.286,0.059,0.336,0.212,0.577,0.555,0.028,0.124,0.059,0.109,0.083,3703,8677,"North El Monte"
"Hancock Park",37,0.134,0.164,0.26,0.246,0.076,0.121,0.263,1.5,0.562,0.069,0.11,0.26,0.349,0.213,0.473,0.131,0.038,0.085,0.707,0.293,0.096,2.1,0.473,0.527,85277,0.153,0.159,0.148,0.243,0.259,0.413,0.344,0.486,0.459,0.02,0.072,0.081,0.125,0.063,9804,6459,"Hancock Park"
"Hollywood Hills",37,0.117,0.158,0.304,0.32,0.035,0.065,0.228,7,0.548,0.067,0.111,0.274,0.348,0.2,0.433,0.067,0.046,0.094,0.741,0.259,0.069,1.8,0.435,0.565,69277,0.175,0.196,0.135,0.227,0.175,0.535,0.381,0.334,0.416,0.017,0.072,0.113,0.131,0.083,21588,3063,"Hollywood Hills"
"Glendale",37,0.139,0.151,0.256,0.217,0.1,0.137,0.544,30.6,0.321,0.21,0.192,0.278,0.208,0.112,0.635,0.163,0.01,0.196,0.541,0.459,0.094,2.7,0.384,0.616,57112,0.24,0.224,0.181,0.238,0.092,0.33,0.25,0.591,0.533,0.019,0.117,0.06,0.1,0.06,195047,6368,"Glendale"
"Glendora",37,0.126,0.16,0.251,0.18,0.122,0.161,0.141,19.5,0.257,0.129,0.217,0.397,0.166,0.091,0.495,0.065,0.013,0.221,0.672,0.328,0.111,2.8,0.735,0.265,81336,0.125,0.185,0.183,0.37,0.124,0.268,0.211,0.626,0.577,0.028,0.098,0.078,0.113,0.114,50177,2568,"Glendora"
"Tujunga Canyons",37,0.114,0.16,0.276,0.155,0.139,0.156,0.094,229.9,0.252,0.132,0.232,0.384,0.142,0.11,0.384,0.024,0.034,0.15,0.769,0.231,0.105,2.7,0.869,0.131,85625,0.121,0.166,0.131,0.286,0.186,0.267,0.171,0.567,0.586,0.032,0.078,0.134,0.164,0.157,2474,11,"Tujunga Canyons"
"Toluca Lake",37,0.101,0.153,0.315,0.276,0.057,0.099,0.177,1.2,0.484,0.067,0.12,0.329,0.337,0.148,0.457,0.05,0.053,0.14,0.719,0.281,0.097,1.9,0.378,0.622,73111,0.137,0.187,0.182,0.281,0.138,0.44,0.329,0.44,0.458,0.012,0.07,0.108,0.143,0.111,7782,6393,"Toluca Lake"
"La Verne",37,0.125,0.163,0.247,0.19,0.135,0.141,0.144,8.6,0.314,0.113,0.195,0.377,0.193,0.121,0.53,0.074,0.028,0.229,0.64,0.36,0.097,2.8,0.78,0.22,83352,0.12,0.18,0.175,0.374,0.131,0.29,0.239,0.627,0.573,0.014,0.09,0.069,0.098,0.116,33117,3863,"La Verne"
"Lopez/Kagel Canyons",37,0.137,0.174,0.228,0.152,0.24,0.069,0.135,3.6,0.291,0.118,0.189,0.401,0.16,0.131,0.543,0.024,0.086,0.267,0.615,0.385,0.081,2.1,0.739,0.261,61398,0.156,0.274,0.165,0.292,0.068,0.424,0.204,0.389,0.482,0.045,0.081,0.142,0.233,0.167,697,195,"Lopez Kagel Canyons"
"Acton",37,0.08,0.161,0.312,0.125,0.159,0.163,0.071,39.3,0.166,0.154,0.278,0.402,0.11,0.057,0.316,0.015,0.008,0.124,0.817,0.183,0.088,3,0.878,0.122,83983,0.094,0.167,0.175,0.309,0.157,0.233,0.197,0.631,0.642,0.032,0.05,0.103,0.11,0.156,6522,166,"Acton"
"Ramona",37,0.141,0.159,0.247,0.185,0.115,0.154,0.343,3.6,0.33,0.155,0.193,0.322,0.226,0.104,0.702,0.35,0.03,0.263,0.323,0.677,0.079,3.1,0.743,0.257,86325,0.118,0.144,0.17,0.35,0.161,0.301,0.217,0.609,0.567,0.022,0.13,0.068,0.086,0.096,4053,1122,"Ramona"
"Sunland",37,0.128,0.153,0.276,0.186,0.105,0.153,0.205,4,0.22,0.155,0.249,0.375,0.161,0.059,0.526,0.071,0.023,0.215,0.649,0.351,0.099,2.6,0.685,0.315,68720,0.161,0.193,0.219,0.311,0.083,0.307,0.234,0.551,0.527,0.037,0.1,0.105,0.139,0.118,15316,3825,"Sunland"
"South Pasadena",37,0.117,0.153,0.274,0.219,0.11,0.127,0.244,3.4,0.561,0.064,0.104,0.271,0.311,0.25,0.651,0.256,0.027,0.161,0.504,0.496,0.13,2.3,0.441,0.559,76229,0.134,0.195,0.182,0.299,0.156,0.367,0.296,0.54,0.481,0.021,0.086,0.071,0.137,0.083,24303,7114,"South Pasadena"
"Agoura Hills",37,0.063,0.188,0.299,0.128,0.16,0.162,0.135,8.1,0.484,0.052,0.12,0.344,0.305,0.179,0.304,0.062,0.008,0.07,0.828,0.172,0.099,3,0.84,0.16,117608,0.049,0.104,0.12,0.414,0.292,0.296,0.204,0.637,0.626,0.01,0.047,0.057,0.122,0.099,20324,2495,"Agoura Hills"
"Altadena",37,0.121,0.163,0.273,0.169,0.112,0.162,0.187,8.7,0.392,0.151,0.152,0.305,0.219,0.173,0.702,0.042,0.31,0.203,0.396,0.604,0.125,2.8,0.746,0.254,82676,0.132,0.192,0.151,0.338,0.156,0.329,0.244,0.578,0.539,0.021,0.094,0.071,0.124,0.098,42680,4900,"Altadena"
"Sherman Oaks",37,0.135,0.15,0.267,0.283,0.06,0.104,0.262,9.1,0.457,0.08,0.15,0.313,0.283,0.174,0.434,0.057,0.044,0.118,0.738,0.262,0.134,2,0.411,0.589,69651,0.158,0.208,0.182,0.273,0.136,0.399,0.31,0.469,0.439,0.022,0.096,0.11,0.155,0.083,61166,6687,"Sherman Oaks"
"Playa Vista",37,0.157,0.146,0.257,0.245,0.088,0.107,0.311,1.3,0.265,0.257,0.219,0.258,0.182,0.083,0.722,0.212,0.047,0.348,0.324,0.676,0.055,2.4,0.548,0.452,68597,0.22,0.158,0.221,0.304,0.082,0.311,0.27,0.524,0.521,0.052,0.108,0.114,0.101,0.11,2416,1859,"Playa Vista"
"Carthay",37,0.142,0.141,0.276,0.279,0.065,0.098,0.251,0.5,0.532,0.106,0.114,0.248,0.342,0.191,0.615,0.085,0.128,0.159,0.578,0.422,0.136,2.1,0.353,0.647,71398,0.202,0.182,0.166,0.272,0.156,0.424,0.348,0.488,0.374,0.012,0.158,0.076,0.12,0.041,4866,9642,"Carthay"
"North Whittier",37,0.1,0.193,0.25,0.195,0.108,0.155,0.257,5.5,0.318,0.171,0.17,0.341,0.199,0.119,0.588,0.156,0.008,0.574,0.241,0.759,0.09,3,0.851,0.149,93841,0.067,0.173,0.177,0.39,0.171,0.29,0.278,0.623,0.575,0.021,0.07,0.067,0.077,0.1,4351,797,"North Whittier"
"Chinatown",37,0.199,0.143,0.202,0.221,0.091,0.143,0.724,0.9,0.083,0.606,0.156,0.155,0.067,0.017,0.445,0.706,0.018,0.235,0.025,0.975,0.096,2.8,0.09,0.91,22754,0.536,0.249,0.087,0.074,0.01,0.342,0.275,0.59,0.533,0.025,0.149,0.044,0.042,0.013,9610,10568,"Chinatown"
"San Dimas",37,0.12,0.174,0.25,0.184,0.124,0.147,0.154,15.6,0.284,0.127,0.179,0.41,0.192,0.092,0.565,0.09,0.027,0.235,0.608,0.392,0.104,2.8,0.736,0.264,84953,0.108,0.164,0.186,0.378,0.133,0.278,0.225,0.608,0.551,0.023,0.104,0.09,0.12,0.125,35064,2244,"San Dimas"
"Manhattan Beach",37,0.102,0.173,0.279,0.215,0.081,0.149,0.091,4,0.676,0.032,0.081,0.211,0.39,0.286,0.262,0.062,0.005,0.051,0.855,0.145,0.067,2.3,0.649,0.351,136481,0.062,0.084,0.121,0.324,0.369,0.346,0.266,0.557,0.574,0.02,0.061,0.077,0.098,0.102,34039,8573,"Manhattan Beach"
"Granada Hills",37,0.126,0.168,0.253,0.201,0.111,0.142,0.292,15.1,0.327,0.13,0.213,0.33,0.223,0.104,0.62,0.163,0.034,0.206,0.555,0.445,0.094,2.9,0.736,0.264,83911,0.116,0.174,0.177,0.367,0.143,0.31,0.222,0.604,0.585,0.019,0.091,0.067,0.102,0.105,50535,3344,"Granada Hills"
"Green Valley",37,0.087,0.164,0.297,0.147,0.142,0.164,0.127,2.6,0.171,0.107,0.285,0.437,0.097,0.074,0.42,0.033,0.055,0.124,0.748,0.252,0.071,2.6,0.863,0.137,78712,0.099,0.127,0.185,0.358,0.034,0.261,0.201,0.557,0.65,0.022,0.079,0.16,0.069,0.195,754,290,"Green Valley"
"Valley Village",36,0.127,0.142,0.265,0.282,0.068,0.115,0.289,2.1,0.365,0.131,0.159,0.345,0.258,0.107,0.512,0.044,0.055,0.189,0.667,0.333,0.162,2,0.313,0.687,55470,0.2,0.273,0.185,0.226,0.087,0.414,0.326,0.443,0.419,0.021,0.096,0.121,0.159,0.072,24190,11600,"Valley Village"
"Walnut",36,0.072,0.173,0.284,0.177,0.155,0.14,0.462,9,0.419,0.112,0.143,0.326,0.294,0.125,0.612,0.562,0.038,0.191,0.185,0.815,0.059,3.6,0.889,0.111,106893,0.086,0.105,0.127,0.467,0.198,0.32,0.258,0.64,0.624,0.014,0.059,0.026,0.059,0.08,30004,3329,"Walnut"
"Baldwin Hills/Crenshaw",36,0.149,0.152,0.215,0.21,0.104,0.171,0.166,2.9,0.241,0.214,0.22,0.326,0.154,0.087,0.457,0.047,0.713,0.173,0.033,0.967,0.319,2.3,0.309,0.691,37948,0.352,0.241,0.134,0.172,0.048,0.407,0.374,0.449,0.336,0.035,0.135,0.109,0.155,0.102,30123,10446,"Baldwin Hills Crenshaw"
"Redondo Beach",36,0.082,0.15,0.31,0.263,0.073,0.121,0.17,6.2,0.48,0.075,0.139,0.307,0.306,0.174,0.474,0.096,0.022,0.134,0.704,0.296,0.108,2.2,0.495,0.505,92263,0.102,0.146,0.163,0.38,0.177,0.384,0.299,0.489,0.478,0.011,0.069,0.116,0.154,0.097,63261,10129,"Redondo Beach"
"San Gabriel",36,0.134,0.14,0.24,0.243,0.092,0.152,0.526,4.2,0.246,0.308,0.183,0.263,0.171,0.075,0.637,0.489,0.01,0.304,0.174,0.826,0.125,3,0.477,0.523,56687,0.203,0.261,0.185,0.273,0.055,0.337,0.278,0.589,0.534,0.021,0.105,0.053,0.083,0.055,39306,9433,"San Gabriel"
"Gramercy Park",36,0.143,0.168,0.209,0.185,0.119,0.177,0.093,1.1,0.149,0.229,0.215,0.407,0.109,0.04,0.241,0.004,0.864,0.115,0.008,0.992,0.219,2.8,0.704,0.296,57983,0.197,0.237,0.195,0.275,0.025,0.37,0.305,0.488,0.401,0.031,0.131,0.111,0.163,0.131,10047,8859,"Gramercy Park"
"Claremont",36,0.148,0.168,0.211,0.243,0.126,0.105,0.159,16.7,0.523,0.075,0.143,0.259,0.242,0.282,0.545,0.117,0.047,0.155,0.643,0.357,0.096,2.5,0.679,0.321,89804,0.135,0.154,0.144,0.371,0.175,0.357,0.295,0.558,0.517,0.029,0.082,0.056,0.106,0.113,35397,2124,"Claremont"
"Burbank",36,0.129,0.141,0.263,0.233,0.1,0.133,0.311,17.3,0.29,0.169,0.213,0.328,0.206,0.084,0.581,0.092,0.016,0.248,0.588,0.412,0.131,2.4,0.436,0.564,64416,0.188,0.22,0.183,0.297,0.083,0.354,0.263,0.531,0.499,0.022,0.112,0.093,0.126,0.088,100316,5785,"Burbank"
"East Pasadena",36,0.132,0.166,0.236,0.204,0.102,0.161,0.375,1.3,0.398,0.206,0.127,0.269,0.256,0.142,0.692,0.197,0.022,0.358,0.372,0.628,0.054,2.9,0.712,0.288,73690,0.152,0.205,0.164,0.257,0.177,0.317,0.226,0.61,0.607,0.011,0.091,0.062,0.076,0.09,6045,4622,"East Pasadena"
"El Segundo",36,0.095,0.153,0.296,0.224,0.09,0.142,0.124,5.5,0.408,0.072,0.155,0.365,0.278,0.13,0.38,0.067,0.011,0.103,0.776,0.224,0.13,2.3,0.419,0.581,83925,0.087,0.175,0.206,0.389,0.119,0.34,0.27,0.499,0.483,0.024,0.088,0.138,0.159,0.114,15970,2925,"El Segundo"
"Diamond Bar",36,0.072,0.177,0.276,0.19,0.132,0.152,0.385,15.1,0.424,0.093,0.169,0.313,0.29,0.134,0.687,0.425,0.046,0.186,0.309,0.691,0.08,3.2,0.828,0.172,92414,0.092,0.145,0.177,0.423,0.15,0.303,0.232,0.637,0.616,0.016,0.063,0.045,0.088,0.073,56784,3754,"Diamond Bar"
"Pico-Robertson",36,0.162,0.13,0.233,0.293,0.073,0.108,0.346,1,0.483,0.136,0.131,0.251,0.288,0.195,0.442,0.057,0.056,0.073,0.735,0.265,0.117,2.1,0.269,0.731,63356,0.218,0.201,0.178,0.265,0.107,0.434,0.333,0.429,0.409,0.042,0.126,0.095,0.133,0.051,18019,17468,"Pico Robertson"
"East San Gabriel",36,0.126,0.151,0.251,0.222,0.109,0.141,0.451,2.2,0.321,0.199,0.19,0.29,0.207,0.114,0.683,0.406,0.016,0.268,0.282,0.718,0.113,2.9,0.544,0.456,64365,0.178,0.237,0.175,0.303,0.076,0.318,0.282,0.592,0.528,0.02,0.084,0.07,0.106,0.075,22171,10157,"East San Gabriel"
"Tujunga",36,0.099,0.146,0.269,0.217,0.103,0.166,0.299,10,0.224,0.227,0.224,0.326,0.151,0.073,0.557,0.066,0.018,0.261,0.607,0.393,0.136,2.7,0.55,0.45,58001,0.199,0.261,0.193,0.254,0.062,0.316,0.222,0.555,0.564,0.017,0.092,0.111,0.121,0.097,26527,2649,"Tujunga"
"Hacienda Heights",36,0.118,0.173,0.236,0.204,0.128,0.14,0.4,11.9,0.308,0.184,0.218,0.291,0.208,0.1,0.674,0.361,0.012,0.381,0.225,0.775,0.081,3.2,0.795,0.205,80762,0.128,0.186,0.177,0.371,0.114,0.308,0.261,0.621,0.573,0.014,0.086,0.057,0.081,0.088,53525,4503,"Hacienda Heights"
"Rancho Park",36,0.126,0.161,0.243,0.277,0.069,0.123,0.285,0.6,0.493,0.072,0.128,0.307,0.307,0.186,0.598,0.182,0.036,0.162,0.583,0.417,0.101,2.2,0.544,0.456,69724,0.187,0.193,0.165,0.274,0.15,0.36,0.334,0.547,0.444,0.012,0.099,0.08,0.122,0.092,4295,7169,"Rancho Park"
"Los Feliz",36,0.132,0.14,0.264,0.309,0.067,0.087,0.445,2.6,0.427,0.158,0.166,0.249,0.279,0.148,0.61,0.135,0.037,0.187,0.576,0.424,0.095,2,0.245,0.755,50793,0.263,0.246,0.153,0.209,0.092,0.502,0.372,0.413,0.432,0.018,0.101,0.066,0.095,0.059,35238,13512,"Los Feliz"
"Del Rey",35,0.119,0.149,0.232,0.272,0.097,0.131,0.379,2.5,0.309,0.275,0.16,0.256,0.209,0.1,0.666,0.141,0.044,0.443,0.34,0.66,0.134,2.5,0.448,0.552,62259,0.199,0.231,0.182,0.26,0.107,0.429,0.32,0.471,0.469,0.024,0.084,0.076,0.127,0.084,28010,11420,"Del Rey"
"Rowland Heights",35,0.086,0.167,0.247,0.221,0.124,0.155,0.531,13.2,0.342,0.175,0.214,0.268,0.233,0.109,0.632,0.517,0.023,0.274,0.156,0.844,0.088,3.4,0.668,0.332,72638,0.167,0.202,0.166,0.321,0.118,0.31,0.252,0.627,0.595,0.013,0.071,0.05,0.082,0.059,47524,3604,"Rowland Heights"
"Westchester",35,0.115,0.142,0.253,0.27,0.085,0.135,0.208,10.8,0.423,0.09,0.153,0.333,0.265,0.158,0.66,0.096,0.166,0.165,0.523,0.477,0.147,2.3,0.518,0.482,77473,0.139,0.207,0.158,0.325,0.138,0.372,0.315,0.526,0.489,0.017,0.077,0.086,0.119,0.092,41500,3839,"Westchester"
"La Mirada",35,0.135,0.147,0.23,0.206,0.13,0.152,0.227,7.8,0.252,0.155,0.246,0.347,0.169,0.083,0.644,0.15,0.017,0.335,0.469,0.531,0.066,3,0.82,0.18,83514,0.118,0.176,0.176,0.414,0.099,0.297,0.239,0.622,0.565,0.02,0.108,0.061,0.088,0.115,46782,5966,"La Mirada"
"Lakewood",35,0.116,0.137,0.255,0.202,0.121,0.169,0.19,9.5,0.207,0.149,0.244,0.401,0.155,0.051,0.649,0.138,0.07,0.229,0.523,0.477,0.112,2.9,0.72,0.28,78764,0.134,0.176,0.196,0.408,0.068,0.297,0.225,0.598,0.562,0.025,0.105,0.08,0.108,0.123,79412,8348,"Lakewood"
"Lake Balboa",35,0.11,0.133,0.267,0.232,0.097,0.161,0.318,3.1,0.235,0.212,0.208,0.345,0.166,0.07,0.632,0.088,0.035,0.341,0.49,0.51,0.136,2.7,0.659,0.341,65336,0.163,0.223,0.204,0.311,0.068,0.333,0.262,0.54,0.532,0.025,0.097,0.102,0.108,0.101,24238,7754,"Lake Balboa"
"Unincorporated Catalina Island",35,0.027,0.189,0.292,0.194,0.136,0.162,0.312,72.5,0.205,0.296,0.203,0.296,0.156,0.049,0.495,0.008,0,0.357,0.614,0.386,0.147,2.9,0,1,56295,0.188,0.231,0.294,0.206,0.013,0.315,0.194,0.469,0.581,0.063,0.068,0.154,0.157,0.1,139,2,"Unincorporated Catalina Island"
"South San Gabriel",35,0.13,0.149,0.222,0.228,0.106,0.165,0.449,1.4,0.183,0.371,0.221,0.226,0.133,0.05,0.59,0.41,0.006,0.484,0.082,0.918,0.162,3.4,0.672,0.328,64827,0.185,0.204,0.211,0.302,0.059,0.348,0.273,0.56,0.535,0.021,0.092,0.072,0.1,0.075,8100,5708,"South San Gabriel"
"Venice",35,0.086,0.149,0.277,0.347,0.055,0.087,0.223,3.2,0.493,0.131,0.112,0.264,0.313,0.179,0.534,0.041,0.054,0.217,0.642,0.358,0.136,1.9,0.312,0.688,67647,0.166,0.211,0.161,0.244,0.155,0.513,0.406,0.359,0.378,0.015,0.056,0.113,0.159,0.074,37705,11891,"Venice"
"Eagle Rock",35,0.123,0.146,0.234,0.251,0.096,0.15,0.385,4.3,0.304,0.216,0.177,0.303,0.219,0.086,0.69,0.239,0.019,0.403,0.298,0.702,0.129,2.8,0.561,0.439,67253,0.172,0.223,0.179,0.299,0.093,0.381,0.304,0.526,0.496,0.024,0.1,0.069,0.101,0.077,32493,7644,"Eagle Rock"
"East La Mirada",35,0.122,0.144,0.236,0.212,0.12,0.166,0.122,1.1,0.149,0.163,0.307,0.381,0.115,0.034,0.561,0.037,0.014,0.38,0.541,0.459,0.102,2.8,0.648,0.352,69930,0.158,0.214,0.204,0.347,0.065,0.301,0.24,0.612,0.547,0.02,0.088,0.066,0.124,0.129,9442,8506,"East La Mirada"
"Mar Vista",35,0.117,0.144,0.249,0.292,0.07,0.128,0.335,2.9,0.423,0.163,0.147,0.267,0.264,0.159,0.634,0.128,0.035,0.291,0.513,0.487,0.113,2.3,0.394,0.606,62611,0.185,0.233,0.18,0.262,0.117,0.408,0.321,0.49,0.466,0.019,0.088,0.084,0.125,0.076,35492,12259,"Mar Vista"
"Unincorporated Santa Monica Mountains",35,0.084,0.17,0.256,0.251,0.116,0.123,0.147,89.3,0.564,0.045,0.107,0.284,0.307,0.257,0.309,0.058,0.016,0.059,0.826,0.174,0.081,2.5,0.752,0.248,132997,0.073,0.103,0.107,0.278,0.355,0.355,0.4,0.538,0.466,0.012,0.047,0.094,0.088,0.081,8929,100,"Unincorporated Santa Monica Mountains"
"Lomita",35,0.112,0.135,0.261,0.228,0.081,0.182,0.197,1.9,0.229,0.198,0.237,0.336,0.156,0.072,0.626,0.117,0.041,0.261,0.537,0.463,0.18,2.5,0.466,0.534,59059,0.184,0.251,0.175,0.287,0.062,0.307,0.24,0.556,0.497,0.02,0.097,0.117,0.166,0.103,19984,10424,"Lomita"
"Littlerock",35,0.089,0.156,0.257,0.162,0.144,0.191,0.175,1.8,0.098,0.292,0.249,0.361,0.065,0.033,0.592,0.008,0.095,0.346,0.527,0.473,0.12,3.2,0.786,0.214,60781,0.198,0.201,0.151,0.277,0.047,0.278,0.212,0.597,0.643,0.013,0.071,0.111,0.075,0.147,1388,766,"Littlerock"
"Quartz Hill",35,0.086,0.148,0.27,0.174,0.147,0.175,0.061,3.8,0.207,0.116,0.252,0.426,0.142,0.065,0.43,0.022,0.055,0.151,0.736,0.264,0.134,2.9,0.775,0.225,77498,0.176,0.153,0.161,0.329,0.12,0.279,0.196,0.63,0.621,0.016,0.065,0.075,0.119,0.159,9351,2475,"Quartz Hill"
"Alhambra",35,0.132,0.133,0.236,0.261,0.101,0.138,0.508,7.6,0.275,0.27,0.196,0.259,0.191,0.084,0.631,0.472,0.014,0.355,0.138,0.862,0.127,2.8,0.392,0.608,53224,0.235,0.257,0.189,0.24,0.047,0.353,0.304,0.559,0.5,0.022,0.107,0.066,0.089,0.05,85961,11275,"Alhambra"
"Silver Lake",35,0.107,0.136,0.27,0.289,0.077,0.122,0.411,2.7,0.362,0.248,0.143,0.247,0.239,0.123,0.676,0.18,0.032,0.418,0.34,0.66,0.155,2.3,0.357,0.643,54339,0.239,0.235,0.162,0.22,0.094,0.526,0.386,0.386,0.432,0.02,0.082,0.068,0.1,0.056,30972,11266,"Silver Lake"
"Unincorporated Santa Susana Mountains",34,0.06,0.138,0.298,0.232,0.1,0.172,0.277,78.1,0.439,0.094,0.158,0.309,0.287,0.152,0.602,0.188,0.027,0.169,0.576,0.424,0.083,2.7,0.619,0.381,93825,0.086,0.128,0.169,0.366,0.211,0.257,0.253,0.624,0.614,0.019,0.036,0.1,0.097,0.089,4525,58,"Unincorporated Santa Susana Mountains"
"Ridge Route",34,0.05,0.124,0.32,0.197,0.12,0.189,0.132,292.7,0.2,0.163,0.222,0.414,0.153,0.047,0.462,0.052,0.014,0.2,0.703,0.297,0.127,2.9,0.791,0.209,92822,0.113,0.116,0.178,0.402,0.166,0.271,0.175,0.633,0.673,0.017,0.039,0.079,0.114,0.104,1951,7,"Ridge Route"
"Pasadena",34,0.12,0.14,0.234,0.266,0.089,0.15,0.323,25.1,0.415,0.204,0.134,0.248,0.236,0.179,0.706,0.1,0.139,0.333,0.391,0.609,0.134,2.5,0.46,0.54,62825,0.207,0.213,0.162,0.25,0.125,0.395,0.309,0.508,0.488,0.022,0.095,0.074,0.108,0.078,134941,5366,"Pasadena"
"Atwater Village",34,0.117,0.152,0.22,0.263,0.099,0.149,0.493,1.8,0.226,0.33,0.16,0.285,0.172,0.054,0.645,0.197,0.014,0.513,0.222,0.778,0.137,2.7,0.404,0.596,53872,0.201,0.28,0.214,0.227,0.034,0.389,0.337,0.515,0.485,0.023,0.084,0.073,0.095,0.058,14888,8379,"Atwater Village"
"San Pedro",34,0.114,0.148,0.237,0.23,0.101,0.171,0.245,12.1,0.228,0.244,0.219,0.309,0.149,0.078,0.63,0.048,0.061,0.408,0.442,0.558,0.175,2.5,0.439,0.561,57508,0.228,0.219,0.161,0.264,0.072,0.336,0.268,0.537,0.493,0.025,0.101,0.102,0.139,0.11,80065,6640,"San Pedro"
"Mid-Wilshire",34,0.124,0.126,0.247,0.324,0.066,0.113,0.339,2.8,0.452,0.14,0.137,0.271,0.296,0.156,0.755,0.198,0.227,0.199,0.336,0.664,0.157,2.1,0.217,0.783,58483,0.219,0.228,0.189,0.25,0.076,0.464,0.404,0.431,0.375,0.022,0.091,0.083,0.129,0.063,41683,14988,"Mid Wilshire"
"Castaic Canyons",34,0.057,0.151,0.288,0.184,0.134,0.185,0.098,192.7,0.225,0.126,0.233,0.416,0.165,0.06,0.43,0.039,0.029,0.165,0.735,0.265,0.108,3,0.856,0.144,93248,0.086,0.137,0.158,0.411,0.147,0.261,0.168,0.651,0.684,0.013,0.046,0.074,0.102,0.13,7757,40,"Castaic Canyons"
"Mission Hills",34,0.139,0.125,0.23,0.21,0.116,0.18,0.352,3.2,0.159,0.303,0.255,0.283,0.12,0.039,0.615,0.107,0.04,0.536,0.29,0.71,0.098,3.4,0.784,0.216,75675,0.134,0.196,0.19,0.379,0.072,0.346,0.264,0.558,0.541,0.016,0.115,0.081,0.08,0.096,18237,5721,"Mission Hills"
"Duarte",34,0.12,0.144,0.23,0.207,0.117,0.181,0.329,6.7,0.236,0.256,0.223,0.285,0.163,0.073,0.687,0.127,0.087,0.431,0.319,0.681,0.133,3.1,0.71,0.29,68539,0.178,0.211,0.175,0.336,0.072,0.313,0.249,0.583,0.527,0.025,0.108,0.08,0.117,0.081,21486,3212,"Duarte"
"Larchmont",34,0.083,0.139,0.269,0.282,0.077,0.149,0.56,0.5,0.319,0.249,0.185,0.247,0.223,0.096,0.708,0.3,0.03,0.372,0.246,0.754,0.139,2.5,0.271,0.729,47780,0.266,0.282,0.16,0.198,0.052,0.421,0.359,0.502,0.475,0.013,0.057,0.064,0.109,0.035,8631,17747,"Larchmont"
"Manchester Square",34,0.131,0.152,0.211,0.193,0.139,0.174,0.132,1,0.117,0.299,0.272,0.312,0.088,0.029,0.346,0.003,0.786,0.192,0.007,0.993,0.256,2.7,0.57,0.43,46093,0.306,0.228,0.183,0.187,0.035,0.403,0.328,0.457,0.376,0.044,0.136,0.096,0.16,0.105,11594,11449,"Manchester Square"
"Gardena",34,0.126,0.139,0.227,0.239,0.097,0.172,0.328,5.8,0.166,0.26,0.258,0.316,0.128,0.038,0.748,0.272,0.245,0.318,0.124,0.876,0.164,2.8,0.473,0.527,52897,0.242,0.252,0.19,0.251,0.035,0.364,0.286,0.531,0.506,0.022,0.098,0.082,0.109,0.097,57818,9894,"Gardena"
"Del Aire",33,0.085,0.123,0.267,0.223,0.112,0.189,0.327,1,0.151,0.251,0.254,0.344,0.108,0.043,0.657,0.088,0.071,0.464,0.336,0.664,0.147,3.1,0.664,0.336,66442,0.165,0.225,0.196,0.313,0.079,0.359,0.254,0.545,0.557,0.026,0.077,0.07,0.112,0.092,9039,9132,"Del Aire"
"Monrovia",33,0.107,0.129,0.243,0.229,0.109,0.182,0.215,13.9,0.251,0.22,0.196,0.333,0.169,0.082,0.65,0.068,0.081,0.352,0.462,0.538,0.175,2.7,0.48,0.52,61504,0.186,0.24,0.191,0.266,0.082,0.318,0.269,0.558,0.501,0.026,0.092,0.098,0.137,0.096,36817,2643,"Monrovia"
"Artesia",33,0.128,0.134,0.225,0.226,0.121,0.165,0.458,1.6,0.188,0.34,0.234,0.238,0.136,0.052,0.706,0.276,0.03,0.383,0.261,0.739,0.103,3.4,0.565,0.435,60538,0.16,0.267,0.217,0.269,0.059,0.36,0.266,0.569,0.531,0.021,0.124,0.05,0.08,0.057,16380,10036,"Artesia"
"Hasley Canyon",33,0.034,0.108,0.331,0.22,0.124,0.184,0.153,3.1,0.198,0.176,0.208,0.417,0.15,0.048,0.547,0.037,0.047,0.27,0.613,0.387,0.095,3.1,0.9,0.1,106489,0.079,0.091,0.147,0.461,0.215,0.201,0.173,0.684,0.681,0.024,0.029,0.091,0.117,0.097,423,136,"Hasley Canyon"
"Covina",33,0.109,0.133,0.239,0.226,0.116,0.177,0.2,7.6,0.19,0.183,0.264,0.363,0.134,0.056,0.653,0.098,0.047,0.395,0.422,0.578,0.182,2.9,0.598,0.402,66438,0.177,0.224,0.188,0.319,0.062,0.338,0.258,0.553,0.519,0.026,0.095,0.083,0.128,0.103,50954,6701,"Covina"
"Carson",33,0.105,0.161,0.219,0.216,0.128,0.171,0.329,19.1,0.181,0.294,0.214,0.311,0.137,0.043,0.741,0.244,0.248,0.349,0.12,0.88,0.113,3.5,0.78,0.22,70645,0.146,0.205,0.214,0.343,0.065,0.352,0.286,0.569,0.53,0.021,0.093,0.058,0.09,0.098,89549,4676,"Carson"
"Desert View Highlands",33,0.064,0.112,0.309,0.161,0.166,0.187,0.169,0.4,0.172,0.153,0.239,0.436,0.136,0.036,0.645,0.068,0.109,0.279,0.51,0.49,0.108,3.3,0.814,0.186,80867,0.117,0.176,0.196,0.44,0.043,0.255,0.212,0.623,0.631,0.024,0.049,0.098,0.109,0.126,2287,5160,"Desert View Highlands"
"Elizabeth Lake",33,0.053,0.131,0.298,0.146,0.202,0.17,0.049,6.3,0.167,0.133,0.262,0.438,0.121,0.046,0.39,0.009,0.043,0.162,0.762,0.238,0.106,2.7,0.774,0.226,75951,0.106,0.162,0.193,0.34,0.052,0.302,0.145,0.583,0.66,0.028,0.047,0.087,0.148,0.184,1379,219,"Elizabeth Lake"
"Fairfax",33,0.142,0.098,0.226,0.365,0.062,0.107,0.232,1.2,0.546,0.095,0.128,0.231,0.374,0.172,0.277,0.045,0.022,0.059,0.847,0.153,0.059,2,0.285,0.715,65938,0.21,0.197,0.159,0.285,0.115,0.549,0.455,0.365,0.359,0.031,0.09,0.056,0.095,0.048,12490,10122,"Fairfax"
"Hermosa Beach",33,0.068,0.138,0.274,0.405,0.04,0.076,0.081,1.5,0.676,0.025,0.075,0.223,0.444,0.233,0.272,0.049,0.007,0.069,0.849,0.151,0.077,1.9,0.427,0.573,109509,0.076,0.123,0.145,0.358,0.26,0.512,0.432,0.373,0.407,0.013,0.058,0.102,0.103,0.095,18442,12481,"Hermosa Beach"
"Industry",33,0.179,0.055,0.254,0.23,0.088,0.194,0.273,12.4,0.12,0.334,0.321,0.225,0.078,0.042,0.546,0.089,0.017,0.622,0.24,0.76,0.001,4.6,0.399,0.601,66616,0.134,0.202,0.36,0.379,0.1,0.337,0.194,0.581,0.684,0.038,0.11,0.045,0.012,0.04,1008,82,"Industry"
"Lake Hughes",33,0.055,0.132,0.298,0.146,0.2,0.169,0.049,9.4,0.165,0.134,0.264,0.437,0.12,0.046,0.389,0.01,0.042,0.161,0.763,0.237,0.104,2.7,0.774,0.226,74918,0.11,0.164,0.195,0.335,0.051,0.298,0.145,0.585,0.66,0.028,0.049,0.088,0.146,0.184,571,61,"Lake Hughes"
"Mount Washington",33,0.095,0.147,0.239,0.246,0.099,0.175,0.415,1.9,0.259,0.353,0.164,0.223,0.159,0.1,0.565,0.128,0.026,0.612,0.208,0.792,0.147,2.9,0.549,0.451,57725,0.21,0.233,0.169,0.256,0.065,0.409,0.316,0.505,0.509,0.02,0.077,0.066,0.098,0.071,12728,6878,"Mount Washington"
"Signal Hill",33,0.087,0.122,0.258,0.26,0.109,0.164,0.29,2.2,0.246,0.21,0.151,0.393,0.161,0.085,0.737,0.189,0.106,0.29,0.359,0.641,0.253,2.5,0.464,0.536,66283,0.151,0.214,0.225,0.298,0.063,0.403,0.331,0.468,0.441,0.014,0.08,0.115,0.149,0.1,9273,4171,"Signal Hill"
"Sun Village",32,0.075,0.139,0.26,0.17,0.15,0.206,0.187,10.2,0.052,0.339,0.259,0.349,0.039,0.013,0.619,0.008,0.114,0.388,0.466,0.534,0.13,3.4,0.777,0.223,56175,0.214,0.217,0.158,0.268,0.033,0.286,0.224,0.583,0.635,0.012,0.068,0.119,0.073,0.128,9375,917,"Sun Village"
"Whittier",32,0.125,0.117,0.226,0.232,0.122,0.178,0.183,14.7,0.219,0.212,0.234,0.335,0.144,0.074,0.548,0.038,0.009,0.558,0.371,0.629,0.149,2.8,0.578,0.422,66891,0.168,0.216,0.201,0.299,0.089,0.339,0.259,0.555,0.528,0.029,0.105,0.076,0.108,0.097,83838,5688,"Whittier"
"Rosemead",32,0.105,0.129,0.226,0.248,0.124,0.167,0.564,5.2,0.129,0.468,0.189,0.214,0.1,0.029,0.589,0.486,0.006,0.41,0.08,0.92,0.121,3.7,0.488,0.512,49387,0.243,0.286,0.193,0.216,0.035,0.382,0.318,0.558,0.515,0.02,0.104,0.04,0.063,0.039,53280,10332,"Rosemead"
"Sawtelle",32,0.106,0.115,0.229,0.426,0.049,0.075,0.39,2.7,0.498,0.146,0.129,0.227,0.314,0.184,0.659,0.199,0.026,0.228,0.496,0.504,0.113,1.9,0.202,0.798,57710,0.219,0.233,0.191,0.254,0.07,0.528,0.446,0.376,0.367,0.016,0.075,0.08,0.112,0.053,35844,13319,"Sawtelle"
"West Covina",32,0.107,0.138,0.227,0.232,0.121,0.175,0.325,16.1,0.219,0.218,0.225,0.337,0.163,0.057,0.682,0.227,0.059,0.455,0.234,0.766,0.115,3.3,0.666,0.334,71898,0.131,0.22,0.206,0.351,0.073,0.331,0.259,0.579,0.555,0.021,0.094,0.069,0.092,0.095,104893,6509,"West Covina"
"Northridge",32,0.119,0.14,0.217,0.283,0.107,0.135,0.318,9.5,0.349,0.183,0.162,0.306,0.225,0.124,0.661,0.145,0.054,0.261,0.495,0.505,0.118,2.7,0.536,0.464,67906,0.18,0.208,0.186,0.276,0.124,0.374,0.299,0.545,0.531,0.023,0.081,0.059,0.088,0.085,57561,6080,"Northridge"
"Valley Glen",32,0.095,0.118,0.239,0.255,0.111,0.182,0.49,4.8,0.213,0.333,0.191,0.262,0.137,0.077,0.632,0.054,0.039,0.452,0.395,0.605,0.161,2.9,0.371,0.629,46175,0.271,0.288,0.148,0.205,0.057,0.36,0.285,0.559,0.545,0.016,0.077,0.065,0.092,0.058,59230,12325,"Valley Glen"
"Charter Oak",32,0.085,0.133,0.256,0.219,0.13,0.177,0.176,0.9,0.179,0.186,0.25,0.385,0.12,0.059,0.659,0.098,0.048,0.363,0.442,0.558,0.171,2.9,0.629,0.371,68092,0.166,0.211,0.207,0.341,0.049,0.313,0.232,0.575,0.523,0.019,0.092,0.093,0.153,0.085,9046,9816,"Charter Oak"
"Santa Fe Springs",32,0.122,0.122,0.219,0.226,0.125,0.186,0.26,8.9,0.092,0.371,0.282,0.255,0.069,0.023,0.448,0.036,0.033,0.716,0.192,0.808,0.126,3.3,0.627,0.373,60445,0.189,0.229,0.258,0.266,0.045,0.355,0.254,0.545,0.532,0.018,0.099,0.082,0.115,0.109,17834,2014,"Santa Fe Springs"
"Mayflower Village",32,0.1,0.129,0.242,0.215,0.122,0.192,0.328,1.2,0.147,0.319,0.226,0.309,0.098,0.049,0.658,0.102,0.086,0.484,0.299,0.701,0.106,3.3,0.759,0.241,67592,0.162,0.216,0.231,0.321,0.043,0.29,0.268,0.607,0.55,0.042,0.088,0.062,0.094,0.077,11649,9585,"Mayflower Village"
"Winnetka",32,0.086,0.119,0.246,0.263,0.11,0.176,0.414,4.8,0.219,0.28,0.211,0.289,0.158,0.061,0.678,0.155,0.043,0.406,0.361,0.639,0.125,3.1,0.517,0.483,62535,0.18,0.247,0.19,0.299,0.06,0.358,0.284,0.56,0.543,0.018,0.081,0.065,0.091,0.072,46943,9826,"Winnetka"
"Santa Clarita",32,0.068,0.127,0.276,0.215,0.12,0.194,0.164,57.4,0.29,0.124,0.201,0.385,0.203,0.087,0.479,0.052,0.021,0.207,0.688,0.312,0.117,2.9,0.731,0.269,88987,0.101,0.148,0.175,0.404,0.134,0.286,0.225,0.619,0.594,0.014,0.069,0.08,0.112,0.099,157447,2745,"Santa Clarita"
"Reseda",32,0.099,0.124,0.243,0.247,0.11,0.178,0.431,5.9,0.19,0.313,0.225,0.273,0.139,0.05,0.656,0.112,0.042,0.435,0.372,0.628,0.145,3,0.523,0.477,54771,0.206,0.269,0.19,0.252,0.043,0.37,0.275,0.535,0.528,0.02,0.096,0.075,0.102,0.07,62174,10600,"Reseda"
"Stevenson Ranch",32,0.035,0.102,0.309,0.23,0.092,0.231,0.202,3.1,0.463,0.042,0.156,0.339,0.309,0.154,0.534,0.137,0.021,0.129,0.653,0.347,0.049,2.9,0.839,0.161,122833,0.047,0.085,0.129,0.414,0.28,0.204,0.164,0.728,0.727,0.016,0.025,0.052,0.083,0.067,8609,2765,"Stevenson Ranch"
"Alondra Park",32,0.086,0.118,0.25,0.246,0.098,0.202,0.321,1.1,0.168,0.257,0.239,0.335,0.112,0.056,0.748,0.149,0.19,0.349,0.264,0.736,0.195,2.9,0.517,0.483,57177,0.224,0.228,0.178,0.283,0.048,0.344,0.284,0.528,0.524,0.024,0.092,0.105,0.1,0.112,8604,7548,"Alondra Park"
"Palms",31,0.065,0.103,0.235,0.425,0.062,0.11,0.403,1.9,0.459,0.12,0.146,0.275,0.291,0.167,0.739,0.204,0.122,0.234,0.383,0.617,0.152,2,0.131,0.869,50684,0.225,0.296,0.188,0.211,0.05,0.519,0.455,0.387,0.377,0.01,0.057,0.085,0.111,0.051,42545,21870,"Palms"
"Mid-City",31,0.083,0.125,0.231,0.26,0.121,0.179,0.351,3.5,0.168,0.355,0.201,0.277,0.112,0.056,0.637,0.039,0.383,0.452,0.095,0.905,0.234,2.8,0.311,0.689,43711,0.294,0.273,0.166,0.173,0.04,0.432,0.35,0.47,0.438,0.021,0.09,0.077,0.122,0.064,52197,15051,"Mid City"
"East Hollywood",31,0.089,0.103,0.243,0.277,0.112,0.176,0.665,2.4,0.134,0.484,0.195,0.187,0.1,0.034,0.578,0.155,0.024,0.604,0.175,0.825,0.201,3,0.087,0.913,29927,0.435,0.317,0.117,0.087,0.01,0.426,0.333,0.498,0.509,0.019,0.086,0.057,0.072,0.028,73967,31095,"East Hollywood"
"Montecito Heights",31,0.095,0.138,0.21,0.262,0.109,0.184,0.415,2.4,0.242,0.4,0.145,0.213,0.145,0.097,0.524,0.171,0.029,0.656,0.121,0.879,0.141,3,0.507,0.493,55901,0.232,0.226,0.184,0.24,0.065,0.423,0.331,0.492,0.483,0.02,0.08,0.065,0.105,0.052,16768,6959,"Montecito Heights"
"Montebello",31,0.125,0.124,0.197,0.253,0.116,0.185,0.38,8.5,0.143,0.379,0.239,0.239,0.101,0.042,0.417,0.114,0.005,0.747,0.109,0.891,0.174,3.2,0.476,0.524,52623,0.236,0.262,0.189,0.239,0.045,0.384,0.306,0.537,0.501,0.022,0.1,0.058,0.093,0.068,61960,7329,"Montebello"
"Chesterfield Square",31,0.105,0.119,0.225,0.201,0.148,0.202,0.234,0.6,0.06,0.392,0.243,0.305,0.045,0.015,0.52,0.008,0.586,0.369,0.015,0.985,0.298,3,0.506,0.494,37737,0.329,0.275,0.163,0.127,0.019,0.463,0.371,0.435,0.376,0.024,0.117,0.079,0.136,0.074,6062,9571,"Chesterfield Square"
"Arlington Heights",31,0.086,0.118,0.222,0.272,0.112,0.19,0.498,1,0.139,0.466,0.178,0.217,0.102,0.037,0.6,0.129,0.245,0.566,0.047,0.953,0.235,3,0.184,0.816,31421,0.424,0.253,0.113,0.118,0.044,0.424,0.359,0.495,0.464,0.023,0.097,0.058,0.08,0.053,22096,21423,"Arlington Heights"
"Jefferson Park",31,0.108,0.112,0.216,0.245,0.122,0.197,0.327,1.4,0.118,0.413,0.202,0.267,0.084,0.034,0.577,0.029,0.468,0.449,0.027,0.973,0.266,2.8,0.305,0.695,32654,0.403,0.26,0.128,0.121,0.023,0.403,0.376,0.497,0.414,0.029,0.095,0.071,0.115,0.075,23130,16300,"Jefferson Park"
"Lake View Terrace",31,0.078,0.133,0.232,0.227,0.138,0.191,0.324,4.2,0.164,0.38,0.212,0.244,0.116,0.048,0.636,0.053,0.171,0.53,0.223,0.777,0.123,3.6,0.747,0.253,67985,0.155,0.205,0.208,0.327,0.075,0.385,0.3,0.508,0.524,0.021,0.084,0.085,0.093,0.08,11803,2790,"Lake View Terrace"
"Lancaster",31,0.089,0.114,0.24,0.216,0.143,0.197,0.129,102.4,0.159,0.215,0.26,0.366,0.103,0.056,0.638,0.039,0.154,0.241,0.526,0.474,0.217,2.9,0.614,0.386,56069,0.218,0.224,0.191,0.239,0.044,0.328,0.26,0.542,0.517,0.022,0.091,0.108,0.132,0.154,120783,1180,"Lancaster"
"Downey",31,0.112,0.122,0.215,0.245,0.126,0.181,0.353,12.5,0.173,0.277,0.249,0.301,0.119,0.054,0.577,0.074,0.035,0.578,0.286,0.714,0.161,3.1,0.518,0.482,61839,0.188,0.231,0.21,0.282,0.067,0.341,0.272,0.565,0.524,0.026,0.099,0.069,0.105,0.079,107323,8566,"Downey"
"Hollywood",31,0.089,0.104,0.235,0.369,0.076,0.127,0.538,3.5,0.275,0.317,0.175,0.233,0.195,0.08,0.644,0.071,0.052,0.422,0.41,0.59,0.178,2.1,0.076,0.924,33694,0.396,0.284,0.134,0.121,0.027,0.551,0.398,0.371,0.418,0.014,0.096,0.064,0.088,0.045,77818,22193,"Hollywood"
"Avalon",31,0.098,0.13,0.227,0.229,0.132,0.184,0.246,2.7,0.202,0.244,0.243,0.31,0.139,0.063,0.543,0.015,0.003,0.458,0.496,0.504,0.199,2.6,0.272,0.728,53200,0.118,0.2,0.124,0.143,0.039,0.364,0.238,0.539,0.511,0.012,0.109,0.084,0.141,0.106,3181,1159,"Avalon"
"Pico Rivera",31,0.113,0.12,0.206,0.236,0.134,0.191,0.339,8.8,0.071,0.449,0.26,0.22,0.051,0.02,0.221,0.025,0.005,0.879,0.075,0.925,0.131,3.7,0.701,0.299,56683,0.225,0.243,0.21,0.268,0.035,0.353,0.298,0.556,0.526,0.026,0.1,0.065,0.076,0.08,63151,7187,"Pico Rivera"
"Castaic",31,0.022,0.074,0.325,0.364,0.092,0.122,0.175,5.5,0.19,0.207,0.266,0.337,0.151,0.04,0.654,0.055,0.132,0.322,0.47,0.53,0.08,3.2,0.875,0.125,108693,0.058,0.097,0.129,0.507,0.185,0.087,0.172,0.8,0.726,0.041,0.023,0.072,0.078,0.088,16843,3076,"Castaic"
"Long Beach",31,0.09,0.115,0.226,0.263,0.114,0.192,0.286,52.1,0.239,0.273,0.188,0.3,0.158,0.082,0.723,0.129,0.144,0.357,0.333,0.667,0.221,2.7,0.412,0.588,50985,0.257,0.241,0.162,0.226,0.066,0.413,0.337,0.474,0.458,0.022,0.092,0.09,0.112,0.095,462731,8882,"Long Beach"
"Hyde Park",31,0.103,0.137,0.217,0.222,0.129,0.193,0.195,2.9,0.123,0.312,0.23,0.336,0.087,0.035,0.488,0.011,0.66,0.273,0.02,0.98,0.285,2.8,0.467,0.533,39460,0.321,0.259,0.152,0.163,0.024,0.41,0.371,0.469,0.369,0.032,0.11,0.089,0.15,0.088,36635,12700,"Hyde Park"
"Elysian Valley",31,0.086,0.133,0.224,0.247,0.137,0.173,0.475,0.8,0.171,0.453,0.169,0.208,0.116,0.054,0.552,0.256,0.011,0.61,0.097,0.903,0.142,3.4,0.478,0.522,49013,0.24,0.268,0.206,0.181,0.038,0.358,0.351,0.575,0.501,0.026,0.086,0.042,0.062,0.043,7387,9354,"Elysian Valley"
"Elysian Park",31,0.091,0.133,0.228,0.221,0.138,0.19,0.544,1.6,0.13,0.555,0.165,0.15,0.082,0.048,0.582,0.434,0.021,0.476,0.031,0.969,0.184,3.1,0.181,0.819,28263,0.5,0.295,0.1,0.111,0.033,0.418,0.33,0.484,0.501,0.008,0.11,0.091,0.06,0.041,2530,1538,"Elysian Park"
"Harbor City",30,0.078,0.112,0.226,0.272,0.107,0.205,0.362,2.6,0.181,0.292,0.218,0.309,0.133,0.048,0.674,0.141,0.107,0.481,0.251,0.749,0.186,2.9,0.456,0.544,55454,0.231,0.236,0.186,0.256,0.052,0.352,0.303,0.555,0.523,0.026,0.073,0.067,0.101,0.083,23561,9127,"Harbor City"
"Koreatown",30,0.062,0.109,0.232,0.336,0.083,0.177,0.68,2.7,0.214,0.409,0.197,0.18,0.159,0.055,0.602,0.322,0.048,0.535,0.074,0.926,0.197,2.7,0.07,0.93,30558,0.426,0.306,0.122,0.087,0.022,0.446,0.362,0.487,0.493,0.014,0.067,0.054,0.078,0.033,115070,42611,"Koreatown"
"Glassell Park",30,0.081,0.124,0.213,0.266,0.117,0.198,0.515,2.8,0.197,0.419,0.16,0.224,0.136,0.061,0.513,0.174,0.014,0.661,0.137,0.863,0.166,3.3,0.438,0.562,50098,0.235,0.278,0.186,0.202,0.053,0.395,0.328,0.528,0.522,0.015,0.084,0.062,0.066,0.048,23467,8524,"Glassell Park"
"Echo Park",30,0.081,0.115,0.217,0.293,0.108,0.186,0.531,2.4,0.18,0.48,0.161,0.178,0.123,0.057,0.538,0.188,0.02,0.64,0.129,0.871,0.205,3,0.24,0.76,37708,0.33,0.288,0.142,0.141,0.034,0.468,0.383,0.46,0.463,0.02,0.076,0.052,0.079,0.035,40455,16868,"Echo Park"
"Harvard Heights",30,0.08,0.113,0.226,0.277,0.117,0.188,0.578,0.8,0.103,0.56,0.169,0.168,0.074,0.029,0.517,0.133,0.16,0.663,0.033,0.967,0.231,3.2,0.157,0.843,31173,0.422,0.279,0.123,0.104,0.019,0.428,0.34,0.5,0.482,0.017,0.088,0.055,0.089,0.038,18587,23473,"Harvard Heights"
"Avocado Heights",30,0.093,0.128,0.204,0.25,0.13,0.194,0.371,2.9,0.091,0.433,0.218,0.258,0.066,0.025,0.362,0.085,0.007,0.787,0.11,0.89,0.121,3.9,0.723,0.277,64544,0.164,0.232,0.224,0.303,0.062,0.375,0.299,0.554,0.556,0.021,0.08,0.05,0.065,0.071,17415,5907,"Avocado Heights"
"North Hollywood",30,0.067,0.097,0.234,0.309,0.103,0.19,0.464,5.9,0.185,0.398,0.183,0.234,0.134,0.051,0.586,0.057,0.056,0.577,0.27,0.73,0.196,2.8,0.246,0.754,42791,0.293,0.307,0.177,0.164,0.032,0.438,0.348,0.468,0.47,0.018,0.082,0.076,0.1,0.051,77848,13264,"North Hollywood"
"Vincent",30,0.076,0.109,0.233,0.251,0.134,0.197,0.282,1.5,0.121,0.304,0.289,0.286,0.093,0.028,0.574,0.087,0.035,0.595,0.25,0.75,0.179,3.4,0.684,0.316,66221,0.148,0.244,0.22,0.318,0.042,0.378,0.297,0.516,0.516,0.017,0.082,0.09,0.105,0.081,15032,10163,"Vincent"
"Canoga Park",30,0.077,0.095,0.231,0.295,0.108,0.194,0.428,4.3,0.18,0.351,0.206,0.264,0.133,0.046,0.632,0.111,0.043,0.509,0.307,0.693,0.181,3,0.364,0.636,51601,0.227,0.282,0.193,0.229,0.042,0.404,0.296,0.511,0.522,0.015,0.079,0.07,0.103,0.064,53227,12240,"Canoga Park"
"Val Verde",30,0.055,0.098,0.269,0.218,0.149,0.21,0.278,0.7,0.099,0.334,0.272,0.295,0.069,0.03,0.602,0.014,0.07,0.495,0.382,0.618,0.083,3.4,0.73,0.27,68073,0.102,0.248,0.2,0.299,0.043,0.297,0.233,0.528,0.598,0.015,0.045,0.16,0.123,0.101,1888,2588,"Val Verde"
"Bellflower",30,0.082,0.116,0.223,0.246,0.123,0.21,0.284,6.2,0.129,0.292,0.266,0.313,0.098,0.031,0.694,0.101,0.123,0.428,0.308,0.692,0.204,3,0.403,0.597,53325,0.217,0.274,0.192,0.246,0.038,0.344,0.289,0.546,0.499,0.019,0.089,0.092,0.124,0.095,72829,11756,"Bellflower"
"West Whittier-Los Nietos",29,0.104,0.117,0.206,0.232,0.144,0.196,0.285,2.6,0.086,0.402,0.263,0.249,0.066,0.02,0.307,0.01,0.009,0.82,0.144,0.856,0.115,3.5,0.708,0.292,61504,0.165,0.257,0.234,0.288,0.041,0.398,0.292,0.518,0.524,0.022,0.094,0.062,0.091,0.079,25880,9899,"West Whittier Los Nietos"
"Inglewood",29,0.07,0.122,0.22,0.25,0.125,0.212,0.295,9.1,0.133,0.363,0.201,0.303,0.086,0.048,0.571,0.011,0.464,0.46,0.04,0.96,0.265,3,0.364,0.636,46574,0.279,0.271,0.178,0.193,0.032,0.395,0.356,0.506,0.437,0.016,0.08,0.083,0.128,0.077,112482,12330,"Inglewood"
"Arleta",29,0.081,0.118,0.22,0.251,0.138,0.191,0.46,3.1,0.113,0.487,0.195,0.205,0.086,0.027,0.455,0.11,0.022,0.717,0.132,0.868,0.115,4,0.804,0.196,65649,0.135,0.255,0.225,0.304,0.062,0.389,0.305,0.543,0.546,0.022,0.088,0.046,0.061,0.065,31068,10034,"Arleta"
"Norwalk",29,0.091,0.116,0.211,0.245,0.135,0.203,0.364,9.8,0.106,0.37,0.265,0.259,0.081,0.025,0.554,0.117,0.043,0.628,0.19,0.81,0.127,3.6,0.658,0.342,62412,0.156,0.261,0.229,0.296,0.036,0.357,0.28,0.563,0.542,0.02,0.093,0.059,0.085,0.075,103223,10572,"Norwalk"
"El Sereno",28,0.095,0.114,0.197,0.27,0.125,0.198,0.425,4.2,0.094,0.498,0.202,0.206,0.065,0.029,0.325,0.114,0.017,0.812,0.049,0.951,0.175,3.5,0.481,0.519,45866,0.276,0.281,0.192,0.178,0.033,0.392,0.35,0.537,0.496,0.02,0.082,0.051,0.071,0.05,40954,9826,"El Sereno"
"South Whittier",28,0.079,0.11,0.218,0.247,0.135,0.211,0.286,5.4,0.096,0.348,0.273,0.283,0.07,0.026,0.457,0.03,0.01,0.695,0.243,0.757,0.146,3.6,0.647,0.353,64670,0.144,0.248,0.236,0.311,0.041,0.346,0.277,0.577,0.568,0.019,0.071,0.057,0.084,0.086,55285,10291,"South Whittier"
"Sun Valley",28,0.072,0.107,0.223,0.259,0.134,0.204,0.519,9.4,0.107,0.502,0.192,0.198,0.08,0.027,0.479,0.081,0.019,0.694,0.179,0.821,0.141,3.7,0.539,0.461,51290,0.235,0.269,0.196,0.224,0.044,0.386,0.308,0.544,0.546,0.02,0.079,0.05,0.066,0.049,75848,8048,"Sun Valley"
"Lawndale",28,0.05,0.102,0.23,0.286,0.117,0.214,0.387,2,0.125,0.366,0.261,0.248,0.085,0.04,0.651,0.105,0.116,0.524,0.221,0.779,0.206,3.2,0.33,0.67,53150,0.209,0.285,0.239,0.207,0.029,0.402,0.311,0.503,0.498,0.011,0.059,0.085,0.133,0.069,31729,16119,"Lawndale"
"West Puente Valley",28,0.096,0.108,0.205,0.251,0.146,0.195,0.421,1.9,0.077,0.488,0.244,0.19,0.057,0.02,0.334,0.087,0.019,0.807,0.079,0.921,0.097,4.2,0.772,0.228,64809,0.168,0.238,0.215,0.312,0.053,0.375,0.3,0.566,0.554,0.019,0.081,0.039,0.065,0.058,23866,12855,"West Puente Valley"
"Van Nuys",28,0.067,0.091,0.228,0.298,0.105,0.211,0.498,9,0.153,0.431,0.191,0.225,0.106,0.047,0.571,0.064,0.06,0.605,0.231,0.769,0.213,3,0.261,0.739,41134,0.298,0.315,0.165,0.163,0.029,0.397,0.304,0.512,0.53,0.018,0.07,0.073,0.096,0.056,103770,11542,"Van Nuys"
"Valinda",28,0.071,0.124,0.22,0.238,0.14,0.207,0.376,2,0.121,0.368,0.25,0.261,0.097,0.025,0.482,0.127,0.038,0.697,0.121,0.879,0.104,4.1,0.775,0.225,70037,0.101,0.229,0.262,0.346,0.046,0.358,0.302,0.575,0.544,0.014,0.068,0.053,0.087,0.065,21568,10748,"Valinda"
"North Hills",28,0.079,0.098,0.218,0.265,0.124,0.216,0.457,5.3,0.178,0.395,0.193,0.234,0.127,0.051,0.604,0.122,0.048,0.565,0.242,0.758,0.18,3.4,0.494,0.506,52456,0.246,0.252,0.179,0.237,0.056,0.376,0.3,0.554,0.549,0.017,0.075,0.053,0.076,0.068,53095,10003,"North Hills"
"Highland Park",28,0.076,0.113,0.208,0.275,0.113,0.214,0.451,3.4,0.143,0.474,0.183,0.2,0.099,0.044,0.449,0.112,0.024,0.724,0.113,0.887,0.211,3.3,0.391,0.609,45478,0.277,0.279,0.173,0.188,0.031,0.412,0.332,0.522,0.504,0.016,0.071,0.049,0.093,0.049,57566,16835,"Highland Park"
"Sylmar",28,0.076,0.113,0.218,0.249,0.141,0.203,0.367,12.5,0.116,0.406,0.223,0.255,0.078,0.038,0.466,0.034,0.041,0.698,0.207,0.793,0.148,3.6,0.708,0.292,65783,0.154,0.228,0.222,0.309,0.058,0.378,0.271,0.544,0.555,0.013,0.083,0.065,0.091,0.077,69499,5579,"Sylmar"
"West Adams",28,0.086,0.106,0.212,0.246,0.141,0.208,0.369,1.5,0.078,0.479,0.197,0.246,0.056,0.022,0.541,0.017,0.376,0.562,0.024,0.976,0.218,3.1,0.372,0.628,38209,0.326,0.289,0.163,0.139,0.017,0.395,0.335,0.528,0.463,0.02,0.085,0.057,0.116,0.057,21764,14686,"West Adams"
"Harvard Park",28,0.09,0.115,0.215,0.217,0.151,0.212,0.312,0.6,0.048,0.48,0.233,0.238,0.035,0.013,0.533,0.006,0.484,0.482,0.011,0.989,0.241,3.3,0.51,0.49,37013,0.341,0.273,0.152,0.124,0.018,0.44,0.363,0.468,0.409,0.029,0.104,0.063,0.124,0.065,10297,16072,"Harvard Park"
"Palmdale",28,0.058,0.1,0.261,0.189,0.163,0.23,0.2,134.4,0.133,0.261,0.249,0.358,0.094,0.038,0.67,0.039,0.138,0.378,0.406,0.594,0.19,3.3,0.709,0.291,63317,0.181,0.212,0.19,0.3,0.044,0.3,0.256,0.61,0.575,0.016,0.063,0.074,0.106,0.111,117432,874,"Palmdale"
"West Compton",28,0.107,0.1,0.225,0.201,0.152,0.215,0.203,1.7,0.095,0.363,0.231,0.311,0.074,0.021,0.539,0.02,0.576,0.358,0.015,0.985,0.211,3.5,0.705,0.295,48093,0.256,0.296,0.22,0.173,0.023,0.403,0.359,0.485,0.427,0.036,0.088,0.076,0.126,0.102,5444,3291,"West Compton"
"Irwindale",27,0.115,0.103,0.198,0.264,0.139,0.181,0.272,9.6,0.073,0.4,0.257,0.27,0.05,0.024,0.212,0.014,0,0.884,0.081,0.919,0.145,3.5,0.686,0.314,60959,0.293,0.158,0.302,0.18,0.06,0.386,0.337,0.585,0.415,0.029,0.118,0,0.13,0.095,1472,154,"Irwindale"
"Westwood",27,0.12,0.097,0.145,0.515,0.075,0.049,0.313,3.7,0.665,0.052,0.095,0.188,0.317,0.348,0.543,0.231,0.02,0.07,0.629,0.371,0.045,2,0.359,0.641,68716,0.256,0.147,0.117,0.217,0.2,0.572,0.546,0.375,0.324,0.018,0.069,0.036,0.062,0.05,47916,13036,"Westwood"
"Lake Los Angeles",27,0.056,0.115,0.256,0.145,0.201,0.227,0.159,7,0.088,0.334,0.266,0.312,0.055,0.032,0.639,0.02,0.092,0.355,0.471,0.529,0.172,3.7,0.777,0.223,52146,0.183,0.284,0.228,0.184,0.024,0.271,0.23,0.61,0.598,0.016,0.061,0.104,0.112,0.128,11141,1601,"Lake Los Angeles"
"Lincoln Heights",27,0.102,0.102,0.196,0.26,0.134,0.206,0.558,2.5,0.055,0.682,0.138,0.125,0.043,0.012,0.436,0.252,0.004,0.707,0.027,0.973,0.195,3.6,0.241,0.759,30579,0.421,0.297,0.121,0.091,0.019,0.406,0.351,0.53,0.502,0.02,0.091,0.044,0.057,0.028,26616,10602,"Lincoln Heights"
"Westlake",27,0.076,0.086,0.202,0.337,0.099,0.199,0.676,2.7,0.12,0.589,0.157,0.135,0.089,0.031,0.43,0.165,0.039,0.734,0.045,0.955,0.246,3,0.051,0.949,26757,0.474,0.289,0.099,0.063,0.015,0.47,0.364,0.465,0.484,0.018,0.086,0.047,0.066,0.035,103839,38214,"Westlake"
"Cypress Park",27,0.084,0.115,0.191,0.284,0.119,0.207,0.525,0.7,0.084,0.64,0.14,0.136,0.053,0.031,0.311,0.111,0.006,0.821,0.049,0.951,0.166,3.7,0.417,0.583,42615,0.3,0.276,0.159,0.16,0.055,0.4,0.333,0.544,0.518,0.021,0.092,0.035,0.056,0.037,9764,13478,"Cypress Park"
"Harbor Gateway",27,0.073,0.102,0.206,0.285,0.116,0.219,0.408,5.1,0.124,0.397,0.225,0.254,0.091,0.033,0.648,0.16,0.163,0.534,0.118,0.882,0.194,3.3,0.403,0.597,47849,0.254,0.298,0.17,0.221,0.031,0.402,0.301,0.519,0.562,0.018,0.063,0.061,0.074,0.076,39688,7720,"Harbor Gateway"
"Commerce",27,0.103,0.106,0.188,0.254,0.138,0.212,0.388,6.6,0.046,0.542,0.215,0.197,0.031,0.016,0.125,0.011,0.004,0.934,0.044,0.956,0.176,3.6,0.474,0.526,46245,0.276,0.291,0.188,0.2,0.019,0.38,0.315,0.545,0.526,0.03,0.105,0.045,0.053,0.056,12583,1912,"Commerce"
"Pico-Union",27,0.071,0.098,0.207,0.299,0.117,0.21,0.646,1.7,0.067,0.657,0.158,0.117,0.049,0.018,0.264,0.076,0.029,0.854,0.03,0.97,0.233,3.3,0.095,0.905,26424,0.484,0.278,0.104,0.067,0.018,0.434,0.362,0.506,0.497,0.015,0.074,0.045,0.067,0.023,42324,25352,"Pico Union"
"Hawthorne",27,0.06,0.1,0.22,0.293,0.112,0.215,0.333,6.2,0.126,0.332,0.237,0.305,0.086,0.041,0.676,0.076,0.324,0.442,0.129,0.871,0.272,2.9,0.257,0.743,43602,0.275,0.309,0.169,0.178,0.033,0.41,0.35,0.502,0.465,0.013,0.069,0.075,0.116,0.072,86265,13848,"Hawthorne"
"Athens",27,0.073,0.136,0.197,0.235,0.122,0.238,0.28,1.3,0.125,0.386,0.188,0.301,0.097,0.028,0.547,0.029,0.543,0.397,0.012,0.988,0.245,3.4,0.559,0.441,48824,0.284,0.232,0.184,0.236,0.032,0.39,0.369,0.509,0.455,0.016,0.089,0.085,0.086,0.08,9101,6829,"Athens"
"Azusa",26,0.07,0.093,0.199,0.303,0.133,0.202,0.34,9.9,0.142,0.393,0.199,0.266,0.099,0.043,0.521,0.056,0.034,0.647,0.236,0.764,0.183,3.3,0.504,0.496,53299,0.224,0.263,0.202,0.239,0.03,0.417,0.367,0.502,0.467,0.02,0.066,0.061,0.1,0.067,44384,4496,"Azusa"
"Exposition Park",26,0.07,0.096,0.216,0.261,0.141,0.215,0.385,1.8,0.073,0.512,0.191,0.225,0.052,0.021,0.539,0.016,0.381,0.561,0.022,0.978,0.273,3.3,0.31,0.69,33999,0.381,0.289,0.132,0.105,0.014,0.455,0.391,0.472,0.431,0.019,0.088,0.054,0.089,0.055,31062,16819,"Exposition Park"
"Citrus",26,0.057,0.109,0.204,0.278,0.142,0.21,0.339,1,0.115,0.388,0.229,0.268,0.09,0.024,0.519,0.065,0.037,0.649,0.231,0.769,0.148,3.7,0.629,0.371,66638,0.152,0.214,0.256,0.298,0.04,0.389,0.315,0.53,0.521,0.017,0.076,0.064,0.088,0.068,11964,11827,"Citrus"
"El Monte",26,0.066,0.102,0.198,0.278,0.136,0.221,0.513,9.7,0.071,0.558,0.199,0.172,0.051,0.02,0.435,0.185,0.005,0.725,0.073,0.927,0.179,4,0.41,0.59,44415,0.275,0.306,0.187,0.179,0.03,0.413,0.316,0.527,0.536,0.019,0.075,0.042,0.073,0.045,116249,11995,"El Monte"
"San Fernando",26,0.068,0.099,0.205,0.271,0.142,0.215,0.434,2.4,0.054,0.581,0.198,0.167,0.036,0.019,0.192,0.005,0.007,0.895,0.08,0.92,0.153,3.8,0.539,0.461,54068,0.217,0.272,0.219,0.248,0.02,0.365,0.29,0.561,0.562,0.019,0.081,0.055,0.067,0.044,23534,9856,"San Fernando"
"Adams-Normandie",26,0.082,0.091,0.207,0.295,0.137,0.189,0.467,0.8,0.095,0.574,0.158,0.173,0.058,0.037,0.545,0.052,0.248,0.622,0.056,0.944,0.244,3.2,0.206,0.794,29606,0.434,0.28,0.118,0.093,0.02,0.466,0.412,0.443,0.418,0.024,0.093,0.067,0.076,0.047,17596,21848,"Adams Normandie"
"South San Jose Hills",26,0.061,0.113,0.199,0.264,0.148,0.215,0.458,1.5,0.079,0.55,0.192,0.18,0.051,0.028,0.304,0.059,0.021,0.828,0.074,0.926,0.11,4.4,0.787,0.213,65527,0.121,0.251,0.266,0.294,0.051,0.379,0.34,0.544,0.533,0.013,0.069,0.064,0.058,0.043,20257,13646,"South San Jose Hills"
"Pomona",26,0.067,0.094,0.208,0.269,0.143,0.22,0.366,22.9,0.129,0.45,0.186,0.236,0.091,0.038,0.543,0.072,0.091,0.644,0.17,0.83,0.177,3.6,0.573,0.427,54242,0.233,0.246,0.189,0.24,0.051,0.386,0.309,0.536,0.533,0.014,0.076,0.064,0.081,0.063,150269,6556,"Pomona"
"La Puente",26,0.077,0.097,0.21,0.262,0.144,0.21,0.435,3.5,0.078,0.503,0.225,0.194,0.057,0.021,0.306,0.072,0.019,0.827,0.067,0.933,0.148,4,0.608,0.392,55902,0.201,0.272,0.209,0.267,0.028,0.386,0.307,0.535,0.541,0.023,0.07,0.057,0.082,0.056,41009,11761,"La Puente"
"Vermont Square",26,0.084,0.096,0.209,0.251,0.142,0.217,0.385,2.5,0.053,0.537,0.203,0.208,0.038,0.015,0.527,0.011,0.392,0.565,0.014,0.986,0.267,3.4,0.368,0.632,29904,0.421,0.24,0.124,0.1,0.02,0.441,0.369,0.463,0.437,0.031,0.114,0.066,0.08,0.059,45284,17798,"Vermont Square"
"Baldwin Park",25,0.061,0.104,0.209,0.26,0.143,0.223,0.457,6.8,0.09,0.525,0.211,0.175,0.074,0.016,0.36,0.118,0.014,0.787,0.074,0.926,0.157,4.2,0.607,0.393,56585,0.194,0.264,0.234,0.245,0.035,0.394,0.308,0.542,0.552,0.016,0.074,0.048,0.066,0.045,75753,11176,"Baldwin Park"
"Panorama City",25,0.062,0.082,0.205,0.288,0.127,0.235,0.55,3.6,0.137,0.495,0.181,0.187,0.106,0.031,0.479,0.119,0.043,0.701,0.115,0.885,0.202,3.6,0.36,0.64,44468,0.264,0.32,0.178,0.18,0.022,0.383,0.308,0.55,0.553,0.015,0.074,0.052,0.065,0.043,65766,18028,"Panorama City"
"East Los Angeles",25,0.083,0.092,0.18,0.283,0.134,0.227,0.486,7.5,0.037,0.661,0.175,0.127,0.026,0.01,0.065,0.01,0.003,0.967,0.017,0.983,0.185,3.9,0.366,0.634,38621,0.324,0.31,0.168,0.137,0.02,0.423,0.353,0.51,0.499,0.025,0.084,0.042,0.064,0.033,125897,16863,"East Los Angeles"
"Westmont",25,0.063,0.105,0.204,0.233,0.153,0.243,0.237,1.8,0.057,0.451,0.242,0.25,0.046,0.011,0.514,0.007,0.575,0.393,0.013,0.987,0.361,3.3,0.32,0.68,31572,0.4,0.258,0.123,0.113,0.014,0.443,0.407,0.451,0.417,0.027,0.078,0.079,0.098,0.074,31467,17066,"Westmont"
"South El Monte",25,0.071,0.1,0.191,0.288,0.133,0.218,0.519,2.9,0.031,0.644,0.173,0.152,0.021,0.01,0.248,0.078,0.001,0.862,0.051,0.949,0.165,4.3,0.497,0.503,46912,0.218,0.333,0.183,0.199,0.027,0.4,0.316,0.523,0.538,0.023,0.077,0.054,0.069,0.047,20935,7150,"South El Monte"
"Boyle Heights",25,0.077,0.095,0.181,0.282,0.138,0.228,0.524,6.5,0.05,0.688,0.154,0.109,0.035,0.014,0.115,0.024,0.009,0.94,0.02,0.98,0.211,3.8,0.241,0.759,33235,0.386,0.297,0.136,0.104,0.019,0.431,0.35,0.5,0.515,0.021,0.077,0.049,0.057,0.025,92756,14229,"Boyle Heights"
"Willowbrook",25,0.086,0.098,0.188,0.239,0.158,0.231,0.29,3.8,0.063,0.512,0.204,0.22,0.043,0.02,0.523,0.006,0.443,0.53,0.009,0.991,0.248,3.7,0.524,0.476,38224,0.331,0.284,0.139,0.154,0.032,0.421,0.37,0.488,0.435,0.042,0.104,0.049,0.092,0.069,34336,9117,"Willowbrook"
"Vermont-Slauson",25,0.073,0.098,0.198,0.247,0.149,0.235,0.392,1.4,0.037,0.596,0.2,0.167,0.023,0.014,0.498,0.003,0.368,0.605,0.013,0.987,0.248,3.5,0.385,0.615,31236,0.405,0.252,0.135,0.097,0.018,0.414,0.362,0.499,0.454,0.032,0.098,0.055,0.085,0.055,26797,18577,"Vermont Slauson"
"Walnut Park",25,0.071,0.1,0.187,0.292,0.131,0.219,0.522,0.7,0.05,0.636,0.182,0.132,0.04,0.009,0.089,0.006,0.001,0.954,0.038,0.962,0.135,4.2,0.537,0.463,48750,0.225,0.286,0.189,0.23,0.018,0.43,0.349,0.527,0.537,0.016,0.061,0.026,0.053,0.029,16180,22028,"Walnut Park"
"Compton",24,0.073,0.091,0.191,0.244,0.153,0.248,0.312,10.3,0.06,0.517,0.212,0.212,0.041,0.019,0.519,0.014,0.398,0.567,0.008,0.992,0.224,3.9,0.572,0.428,43157,0.296,0.267,0.178,0.168,0.028,0.419,0.348,0.498,0.479,0.029,0.084,0.054,0.088,0.065,94384,9199,"Compton"
"Bell",24,0.051,0.089,0.192,0.3,0.135,0.233,0.533,2.6,0.04,0.649,0.179,0.133,0.027,0.013,0.173,0.012,0.008,0.907,0.059,0.941,0.196,3.9,0.309,0.691,40556,0.281,0.352,0.178,0.141,0.017,0.416,0.316,0.531,0.554,0.014,0.07,0.039,0.06,0.031,36667,14357,"Bell"
"Paramount",24,0.051,0.087,0.193,0.283,0.134,0.251,0.406,4.9,0.07,0.5,0.208,0.223,0.043,0.027,0.445,0.043,0.119,0.729,0.089,0.911,0.223,3.8,0.428,0.572,49815,0.239,0.281,0.217,0.193,0.025,0.394,0.334,0.531,0.513,0.012,0.076,0.063,0.077,0.051,55319,11395,"Paramount"
"Pacoima",24,0.061,0.094,0.199,0.272,0.149,0.225,0.471,7.1,0.042,0.662,0.161,0.135,0.03,0.013,0.259,0.019,0.072,0.856,0.046,0.954,0.178,4.3,0.565,0.435,49066,0.251,0.285,0.202,0.208,0.02,0.426,0.34,0.515,0.534,0.013,0.067,0.046,0.059,0.037,75014,10510,"Pacoima"
"Wilmington",24,0.06,0.09,0.193,0.28,0.135,0.241,0.445,9.1,0.051,0.612,0.2,0.137,0.03,0.021,0.245,0.027,0.026,0.866,0.064,0.936,0.193,3.8,0.385,0.615,40627,0.299,0.307,0.162,0.158,0.035,0.382,0.296,0.554,0.551,0.013,0.086,0.052,0.068,0.046,51517,5636,"Wilmington"
"Green Meadows",24,0.08,0.08,0.202,0.231,0.163,0.243,0.302,2.2,0.036,0.56,0.209,0.195,0.029,0.007,0.512,0.003,0.441,0.542,0.006,0.994,0.276,3.7,0.484,0.516,31347,0.396,0.262,0.131,0.103,0.016,0.428,0.389,0.503,0.424,0.019,0.113,0.051,0.075,0.051,28381,12785,"Green Meadows"
"Huntington Park",24,0.052,0.085,0.189,0.298,0.139,0.237,0.559,3,0.047,0.678,0.149,0.125,0.03,0.018,0.094,0.008,0.006,0.951,0.03,0.97,0.195,3.9,0.273,0.727,39185,0.308,0.326,0.182,0.135,0.02,0.412,0.337,0.538,0.547,0.016,0.063,0.035,0.053,0.022,61370,20223,"Huntington Park"
"Vermont Vista",24,0.067,0.101,0.187,0.244,0.143,0.256,0.313,1.6,0.06,0.529,0.216,0.195,0.043,0.017,0.526,0.008,0.45,0.521,0.011,0.989,0.282,3.5,0.404,0.596,31272,0.394,0.293,0.121,0.091,0.017,0.417,0.379,0.502,0.444,0.022,0.088,0.059,0.09,0.066,23291,14154,"Vermont Vista"
"Hawaiian Gardens",24,0.063,0.093,0.19,0.268,0.148,0.238,0.456,1,0.067,0.544,0.219,0.17,0.046,0.021,0.436,0.089,0.046,0.736,0.109,0.891,0.199,3.9,0.451,0.549,46853,0.277,0.28,0.235,0.2,0.021,0.423,0.33,0.51,0.514,0.014,0.077,0.054,0.08,0.052,14915,15141,"Hawaiian Gardens"
"South Gate",24,0.054,0.091,0.2,0.281,0.141,0.233,0.493,7.4,0.049,0.601,0.205,0.145,0.032,0.017,0.147,0.009,0.006,0.921,0.059,0.941,0.166,4,0.469,0.531,48312,0.226,0.307,0.203,0.195,0.023,0.397,0.323,0.555,0.547,0.018,0.066,0.031,0.064,0.032,96418,12945,"South Gate"
"Vermont Knolls",24,0.065,0.096,0.198,0.253,0.143,0.245,0.332,1.1,0.054,0.554,0.195,0.197,0.04,0.014,0.521,0.012,0.426,0.545,0.01,0.99,0.337,3.3,0.279,0.721,27730,0.453,0.241,0.128,0.088,0.012,0.422,0.397,0.478,0.415,0.025,0.089,0.075,0.099,0.062,20616,18057,"Vermont Knolls"
"Florence",23,0.059,0.075,0.189,0.266,0.153,0.257,0.413,2.8,0.028,0.659,0.183,0.129,0.019,0.01,0.434,0.004,0.281,0.698,0.004,0.996,0.281,3.8,0.348,0.652,29447,0.422,0.254,0.127,0.084,0.017,0.431,0.362,0.483,0.479,0.028,0.092,0.057,0.067,0.041,43815,15661,"Florence"
"University Park",23,0.046,0.059,0.117,0.558,0.11,0.109,0.424,1.2,0.237,0.525,0.105,0.134,0.107,0.129,0.676,0.161,0.07,0.477,0.255,0.745,0.203,2.7,0.078,0.922,18533,0.566,0.215,0.084,0.07,0.009,0.672,0.615,0.294,0.307,0.009,0.049,0.025,0.028,0.01,23596,20217,"University Park"
"Broadway-Manchester",23,0.058,0.084,0.192,0.256,0.157,0.253,0.35,1.6,0.039,0.581,0.208,0.172,0.029,0.01,0.502,0.004,0.393,0.586,0.01,0.99,0.279,3.7,0.369,0.631,29897,0.405,0.26,0.12,0.092,0.01,0.455,0.406,0.464,0.428,0.025,0.095,0.056,0.071,0.039,23471,15060,"Broadway Manchester"
"Maywood",23,0.043,0.08,0.191,0.297,0.136,0.254,0.552,1.2,0.023,0.704,0.163,0.109,0.015,0.008,0.069,0.002,0,0.964,0.028,0.972,0.187,4.1,0.295,0.705,41203,0.296,0.338,0.171,0.146,0.016,0.408,0.319,0.55,0.58,0.014,0.06,0.028,0.04,0.024,28083,23638,"Maywood"
"Lynwood",23,0.041,0.081,0.197,0.281,0.16,0.241,0.436,4.9,0.045,0.615,0.19,0.149,0.028,0.018,0.309,0.012,0.133,0.82,0.029,0.971,0.194,4.4,0.471,0.529,48518,0.244,0.298,0.203,0.198,0.018,0.402,0.34,0.537,0.54,0.02,0.061,0.04,0.059,0.038,69899,14264,"Lynwood"
"Lennox",23,0.041,0.066,0.202,0.284,0.156,0.251,0.551,1.1,0.03,0.695,0.165,0.11,0.02,0.009,0.197,0.012,0.042,0.894,0.039,0.961,0.223,4.2,0.288,0.712,37937,0.325,0.315,0.174,0.121,0.022,0.404,0.356,0.557,0.543,0.014,0.056,0.026,0.044,0.025,22950,21557,"Lennox"
"Historic South-Central",23,0.039,0.076,0.176,0.318,0.14,0.251,0.563,2.6,0.032,0.742,0.134,0.092,0.021,0.011,0.229,0.01,0.101,0.872,0.012,0.988,0.249,4.1,0.204,0.796,30882,0.405,0.284,0.126,0.09,0.019,0.464,0.367,0.491,0.519,0.011,0.064,0.034,0.05,0.025,49728,19474,"Historic South Central"
"South Park",23,0.05,0.069,0.179,0.302,0.139,0.262,0.494,1.4,0.034,0.694,0.151,0.121,0.024,0.01,0.345,0.001,0.192,0.786,0.01,0.99,0.279,3.9,0.277,0.723,29518,0.419,0.281,0.12,0.075,0.016,0.455,0.391,0.479,0.484,0.02,0.07,0.046,0.055,0.03,30496,21638,"South Park"
"East Compton",22,0.037,0.092,0.187,0.266,0.161,0.257,0.41,0.8,0.039,0.588,0.183,0.19,0.029,0.01,0.416,0.01,0.229,0.729,0.013,0.987,0.2,4.4,0.561,0.439,44439,0.291,0.259,0.199,0.167,0.032,0.411,0.352,0.526,0.529,0.021,0.051,0.042,0.069,0.043,13802,16542,"East Compton"
"Cudahy",22,0.038,0.074,0.178,0.294,0.159,0.258,0.531,1.2,0.03,0.674,0.172,0.124,0.02,0.011,0.117,0.007,0.002,0.938,0.044,0.956,0.238,4.3,0.174,0.826,39048,0.329,0.326,0.181,0.122,0.02,0.404,0.336,0.548,0.547,0.009,0.061,0.039,0.057,0.019,24208,19697,"Cudahy"
"Central-Alameda",22,0.044,0.066,0.176,0.298,0.158,0.258,0.527,2.2,0.028,0.75,0.131,0.091,0.019,0.009,0.267,0.007,0.133,0.846,0.01,0.99,0.263,4.3,0.298,0.702,31559,0.39,0.289,0.122,0.085,0.022,0.426,0.362,0.519,0.535,0.019,0.057,0.036,0.046,0.018,40947,18760,"Central Alameda"
"Florence-Firestone",22,0.049,0.073,0.183,0.276,0.156,0.262,0.455,3.6,0.024,0.709,0.162,0.106,0.016,0.008,0.243,0,0.128,0.861,0.008,0.992,0.23,4.2,0.376,0.624,34408,0.371,0.311,0.145,0.102,0.015,0.439,0.372,0.504,0.499,0.022,0.074,0.035,0.055,0.021,60154,16805,"Florence Firestone"
"Bell Gardens",22,0.04,0.075,0.185,0.287,0.152,0.261,0.504,2.5,0.04,0.687,0.155,0.119,0.022,0.018,0.119,0.005,0.006,0.937,0.047,0.953,0.22,4.4,0.238,0.762,41532,0.286,0.343,0.189,0.13,0.02,0.419,0.35,0.529,0.531,0.014,0.057,0.038,0.062,0.023,44054,17762,"Bell Gardens"
"Vernon",21,0.032,0.106,0.16,0.255,0.213,0.234,0.096,5.2,0.182,0.409,0.136,0.273,0.114,0.068,0.14,0,0,0.926,0.021,0.979,0,3.4,0.16,0.84,81279,0.077,0.077,0.308,0.346,0.115,0.08,0.314,0.92,0.686,0,0,0,0,0.038,94,18,"Vernon"
"Watts",21,0.052,0.072,0.174,0.246,0.174,0.282,0.34,2.1,0.029,0.641,0.19,0.141,0.017,0.011,0.482,0.002,0.371,0.616,0.005,0.995,0.389,4,0.33,0.67,25161,0.478,0.218,0.113,0.089,0.008,0.447,0.453,0.464,0.402,0.034,0.087,0.055,0.057,0.036,36815,17346,"Watts"
