,Place,TotalPopulation,pop18OrLess,pop19To49,pop50To64,pop65AndUp,cityCase_18OrLess,cityCase_19To49,cityCase_50To64,cityCase_65AndUp,sumOfcityCase,Cases,rscore_18OrLess,rscore_19to49,rscore_50to65,rscore_65andUp
0,Rolling Hills,3218,820.59,984.708,759.4480000000001,656.472,1.854048301084809,6.00947929953428,3.5825027233067046,2.5539696760742054,13.999999999999998,14.0,0.0022594088413029757,0.00610280336864764,0.004717245582721535,0.0038904472332014243
1,Palos Verdes Estates,13340,3281.64,4175.42,3201.6,2681.34,16.369466986411062,56.25722711569834,33.3429741407426,23.030331757148005,129.0,129.0,0.004988197055865684,0.013473429527017244,0.010414472182890617,0.00858911281566232
2,Bel-Air,7691,1507.4360000000001,2822.5969999999998,1753.548,1607.4189999999999,,,,,,,,,,
3,Bradbury,1268,292.90799999999996,419.70799999999997,242.18800000000002,314.464,2.6050133375923257,10.082320957532588,4.497021885955059,4.81564381892003,22.0,22.0,0.008893623040655517,0.02402222725688476,0.018568310097754878,0.015313815950061153
4,Century City,5513,678.099,2381.6160000000004,997.8530000000001,1455.432,10.48987146640948,99.51381035381424,32.22829221906191,38.7680259607144,181.00000000000003,181.0,0.015469527998728033,0.04178415426912408,0.032297635241926324,0.02663678272891787
5,Beverly Crest,10852,2094.436,4275.688,2626.1839999999997,1844.8400000000001,17.560886213040167,96.83222142516415,45.97250285572679,26.6343895060689,187.0,187.0,0.008384541811275287,0.022647167292179447,0.017505438634812638,0.014437235481705132
6,Rancho Palos Verdes,41301,9788.337,14661.855,9127.521,7723.287,48.25545571447778,195.23648577696918,93.94723693086154,65.56082157769148,403.0,403.0,0.004929893169235774,0.013315947114261407,0.010292743991589998,0.008488720097762971
7,Rancho Dominguez,2526,525.408,982.614,654.234,363.744,,,,,,,,,,
8,Pacific Palisades,23940,5697.719999999999,8785.98,5266.8,4165.5599999999995,25.138073595918897,104.70216307186575,48.514479884664375,31.645283447550973,210.00000000000003,210.0,0.004411953131413776,0.011916958958689385,0.009211376905267786,0.007596885760270162
9,View Park-Windsor Hills,11066,2368.124,4271.476,2202.134,2224.266,,,,,,,,,,
10,Rolling Hills Estates,8334,2183.5080000000003,2858.5620000000004,1858.482,1441.7820000000002,8.45622303576769,29.90224608513986,15.027047647162654,9.614483231929796,63.0,63.0,0.003872769431468852,0.010460590354569836,0.008085656814089485,0.006668472232230528
11,La Habra Heights,6094,1468.6540000000002,2224.31,1371.15,1029.886,8.366174801271505,34.224515575385986,16.30745063608531,10.101858987257202,69.0,69.0,0.005696491346002193,0.015386576320470613,0.011893265241647747,0.009808715709561254
12,Westlake Village,8663,2044.468,3153.332,1983.8269999999998,1490.0359999999998,6.156122446542206,25.646681802131823,12.471663697130039,7.725532054195933,52.0,52.0,0.0030111121556034163,0.008133200627822197,0.0062866689974125966,0.005184795571513664
13,Ladera Heights,6509,1425.4710000000002,2401.821,1451.507,1230.2009999999998,,,,,,,,,,
14,Encino,41905,7752.425,18102.96,7752.425,8255.285,92.17414830557476,581.3741334872562,192.44330020628018,169.00841800088875,1034.9999999999998,1035.0,0.01188971815987575,0.03211486593834689,0.02482362618229524,0.020472753878380788
15,Sierra Madre,10578,2083.866,4675.476000000001,2126.1780000000003,1692.48,11.332565014311374,68.6781860425341,24.140803061828386,15.84844588132616,120.00000000000001,120.0,0.005438240757472589,0.014689025468751008,0.011354083741732057,0.00936403731880209
16,Topanga,7425,1611.2250000000001,3385.8,1715.1750000000002,720.2249999999999,,,,,,,,,,
17,Malibu,12514,2615.4260000000004,5318.450000000001,2853.192,1714.418,14.648067933054165,80.45583431699993,33.36280590799769,16.533291841948227,145.0,145.0,0.0056006432348130524,0.015127684629356281,0.011693151357496337,0.00964367607079967
18,Cheviot Hills,6945,1465.395,2916.9,1291.7700000000002,1263.99,13.29595101693141,71.48596678389453,24.470540271657764,19.747541927516295,129.0,129.0,0.009073288101113632,0.024507513724808708,0.018943418930349645,0.015623178923501211
19,San Marino,12973,3619.4670000000006,4812.983,2348.1130000000003,2192.437,15.738551169029359,56.528701574986535,21.31732883618547,16.415418419798637,110.0,110.0,0.004348306302842202,0.011745044928475029,0.009078493597278098,0.007487293098866074
20,San Pasqual,2082,366.43199999999996,1072.23,393.49799999999993,249.84,,,,,,,,,,
21,Angeles Crest,1175,204.45000000000002,601.6,242.05,125.725,,,,,,,,,,
22,Porter Ranch,24923,6280.5960000000005,10118.738000000001,5507.983,2990.7599999999998,75.97488202208879,330.6207300868594,139.109064451875,62.29532343917688,608.0000000000001,608.0,0.012096763113260077,0.03267410719467777,0.02525589938310903,0.02082926193983365
23,Beverly Hills,33829,7036.432,14444.983,6326.023,5987.732999999999,92.64445927632839,513.7106203831733,173.8967178164456,135.74820252405274,916.0,916.0,0.013166397298563873,0.03556325544884153,0.02748910615981725,0.02267105138523257
24,La CaÃ±ada Flintridge,20381,6338.491,7153.731,4035.438,2853.34,,,,,,,,,,
25,Northwest Antelope Valley,3343,899.267,1303.77,628.484,508.13599999999997,,,,,,,,,,
26,Hollywood Hills West,14860,1634.6000000000001,8395.9,2734.24,2080.4,,,,,,,,,,
27,Leona Valley,1374,461.66399999999993,520.746,283.04400000000004,108.546,,,,,,,,,,
28,Hidden Hills,1875,631.875,630.0,425.62499999999994,187.5,4.2778228891486965,11.520378018621972,6.016063599992644,2.1857354922366854,23.999999999999996,24.0,0.006770046115368857,0.018286314315272972,0.01413465750365379,0.011657255958595656
29,West San Dimas,309,79.104,128.23499999999999,69.525,32.445,,,,,,,,,,
30,Southeast Antelope Valley,5271,1375.731,2124.2129999999997,1022.5739999999998,743.2109999999999,,,,,,,,,,
31,Chatsworth,35073,8277.228,15326.901000000002,6909.380999999999,4559.49,118.71837548509758,593.7750331951408,206.90254417321123,112.60404714655051,1032.0000000000002,1032.0,0.014342769763633138,0.03874071041465857,0.02994516356432092,0.024696632111606893
32,Northwest Palmdale,3125,987.5,1090.625,675.0000000000001,368.75,,,,,,,,,,
33,Agua Dulce,3130,832.58,1433.54,672.95,190.93,,,,,,,,,,
34,Arcadia,52951,13078.896999999999,22610.077,8895.768,8313.307,87.48795319920279,408.5203839559956,124.23794160243091,95.75372124237069,716.0000000000001,716.0,0.006689245522707519,0.01806806690468129,0.013965960173695054,0.011518126449843688
35,Woodland Hills,59661,11991.861,27265.077,10798.641000000001,9605.421,142.01208878192844,872.1275611195006,266.9939960128815,195.86635408568947,1477.0,1477.0,0.011842372821193343,0.031986983243051194,0.024724777498657605,0.020391230544261355
36,West Hollywood,35716,2035.8120000000004,22393.932,5250.2519999999995,6036.003999999999,21.57698275617221,641.0884506898252,116.17879192169124,110.15577463231129,889.0,889.0,0.010598710861401841,0.028627775179893608,0.02212823154425564,0.01824978489615171
37,Shadow Hills,13098,3130.422,5763.120000000001,2514.8160000000003,1702.74,13.393109772315457,66.59946759301256,22.4635514595549,12.54387117511708,114.99999999999999,115.0,0.004278371980619692,0.011556147988071142,0.008932483115883984,0.007366874082430129
38,Downtown,27849,3453.276,15316.95,4622.934,4455.84,64.78751145691986,776.187878845798,181.08036621487804,143.94424348240418,1166.0,1166.0,0.01876117386994838,0.05067509385653136,0.0391700089628963,0.03230462572318669
39,West Hills,38814,10091.640000000001,16340.693999999998,7180.59,5201.076,106.62682894241891,466.34765240566156,158.40122526604117,94.62429338587837,825.9999999999999,826.0,0.01056585737723689,0.02853903588217622,0.022059639286749578,0.01819321490127781
40,Brentwood,31344,4419.504000000001,15891.408,5641.92,5391.168,30.365497132862174,294.91970833276395,80.93333762012499,63.781456914248864,469.99999999999994,470.0,0.006870792996875253,0.018558437888748686,0.014344999152792842,0.01183073072741359
41,Beverlywood,6080,1611.2,2547.5200000000004,918.0799999999999,1003.2,30.401514901630943,129.83683713722579,36.167622485818214,32.59402547532507,229.0,229.0,0.018868864760197952,0.05096597362816612,0.039394848472701964,0.0324900572919907
42,Culver City,38816,8384.256000000001,18398.784,6598.72,5395.424000000001,59.71943769427388,353.9768447746589,98.13061997994079,66.17309755112636,577.9999999999999,578.0,0.007122807043853846,0.019239143455059796,0.01487115985826657,0.012264670496911151
43,West Los Angeles,12659,1670.988,6797.882999999999,1974.804,2202.6659999999997,41.67264835435583,457.9162012062918,102.82422174461172,94.58692869474066,697.0,697.0,0.024938927361749953,0.0673615890721114,0.05206806434694872,0.04294202057631102
44,Torrance,137933,32965.987,64000.912,21517.548,19448.553,222.09317229561543,1164.635007889505,302.660376134613,225.6114436802663,1914.9999999999998,1915.0,0.00673703997685904,0.018197162688705203,0.01406574653090645,0.011600423110154585
45,Monterey Park,59933,13245.193000000001,26490.386,9409.481,10847.873000000001,134.9030865709505,728.7632022289339,200.08886824290056,190.24484295721496,1254.0,1254.0,0.01018506008715392,0.027510478791397525,0.02126460197357331,0.017537524909926116
46,Northeast Antelope Valley,4550,1255.8000000000002,1833.65,850.85,609.7,,,,,,,,,,
47,La Crescenta-Montrose,18507,5200.467000000001,8217.107999999998,2998.134,2072.7839999999997,,,,,,,,,,
48,Marina del Rey,8302,572.8380000000001,5288.374,1627.192,805.2939999999999,,,,,,,,,,
49,Calabasas,23130,6753.960000000001,10177.199999999999,4325.31,1873.53,57.80846445261321,235.28585124859072,77.29365621986726,27.612028078928837,398.00000000000006,398.0,0.008559195561213451,0.0231189178996768,0.017870084738404242,0.014737969543550857
50,Cerritos,51831,13424.229000000001,21665.358,11765.636999999999,4923.945,99.09610095583618,431.9839767338886,181.3327812587015,62.58714105157378,775.0000000000001,775.0,0.0073818839767882515,0.019938926314251933,0.01541206661897707,0.012710771759549261
51,Playa del Rey,9755,1209.62,5677.41,1794.92,1073.05,,,,,,,,,,
52,Windsor Square,5642,1382.29,2663.024,902.72,699.608,,,,,,,,,,
53,Beverly Grove,21417,1799.028,12486.110999999999,2762.793,4369.067999999999,,,,,,,,,,
54,Temple City,33296,8423.888,14750.128,5527.136,4594.848,85.96008498702294,406.5505890655466,117.75464992627874,80.73467602115167,691.0,691.0,0.010204324296218436,0.02756251261450386,0.021304822230949035,0.017570695705527512
55,Tarzana,35502,8058.954000000001,15940.398,6106.343999999999,5396.304,116.77129032052432,623.8657108314671,184.72783123519565,134.63516761281284,1060.0,1060.0,0.014489633557968479,0.03913739862903468,0.03025178916143533,0.024949515003753094
56,Leimert Park,11782,2992.628,4889.53,1814.4279999999999,2073.632,55.38535854791894,244.42403264674005,70.10930119704574,66.08130760829525,436.0,436.0,0.018507264701098477,0.04998926944854415,0.038639891578528186,0.03186742276753795
57,West Carson,21010,4958.36,9118.339999999998,3760.79,3151.5,,,,,,,,,,
58,Studio City,34034,4832.8279999999995,19093.073999999997,5581.575999999999,4492.488,23.974984780664236,255.8393897257939,57.81060394135282,38.375021552189025,376.0,376.0,0.004960860345260423,0.013399591376736608,0.010357397971711363,0.008542042082736564
59,Santa Monica,84084,12528.516,45825.780000000006,13705.692000000001,12024.012,94.62572371485916,934.8759797436439,216.12460507093382,156.3736914705632,1402.0,1402.0,0.007552827782225697,0.020400656131628177,0.01576896701537827,0.013005117715331886
60,North El Monte,3703,925.75,1636.726,581.371,562.856,,,,,,,,,,
61,Hancock Park,9804,1931.3880000000001,4960.824,1607.8559999999998,1313.736,29.869811337189333,207.22937808209446,51.916303667499726,34.9845069132165,324.0,324.0,0.015465463872194158,0.041773176811371354,0.03228915006536638,0.026629784761334468
62,Hollywood Hills,21588,2158.8,13470.912,3410.904,2525.796,23.13536392912039,389.9379270739848,76.31801835096424,46.60869064593052,535.9999999999999,536.0,0.010716770395182689,0.028946661300584903,0.02237471894575873,0.018453070099853877
63,Glendale,195047,46226.138999999996,92257.231,29452.096999999998,27111.533000000003,661.4493949417551,3565.693190687561,879.8707640868729,667.9866502838105,5775.0,5775.0,0.0143089907409692,0.038649471180070005,0.029874638946315875,0.02463846844380989
64,Glendora,50177,14200.091000000002,21626.287,8028.320000000001,6322.302,228.16559294315894,938.5891771537235,269.32543114622786,174.91979875688972,1611.0000000000002,1611.0,0.016067896532716508,0.043400384779584376,0.033546922786613864,0.02766710586695949
65,Tujunga Canyons,2474,729.8300000000002,1066.294,395.84000000000003,282.036,,,,,,,,,,
66,Toluca Lake,7782,1213.992,4599.161999999999,1190.646,785.982,10.42002886262534,106.62679562379157,21.336806417102917,11.616369096480184,150.0,150.0,0.008583276382896543,0.023183961692106427,0.017920361230040597,0.014779434002916333
67,La Verne,33117,9140.292000000001,14472.129,5398.071,4139.625,100.69211984444473,430.6281264831077,124.15598763464055,78.523766037807,734.0,734.0,0.01101629136623258,0.029755686014345757,0.023000065696549853,0.018968811435288703
68,Lopez/Kagel Canyons,697,215.373,264.86,121.27799999999999,95.48899999999999,,,,,,,,,,
69,Acton,6522,2100.084,2850.114,1050.042,521.76,,,,,,,,,,
70,Ramona,4053,1090.257,1750.896,644.427,571.473,,,,,,,,,,
71,Sunland,15316,3951.5280000000002,7075.992000000001,2343.348,1960.448,82.85847743107072,400.76867769774407,102.58936368811989,70.78348118306539,657.0000000000001,657.0,0.020968718285956905,0.05663780819675093,0.0437789708093377,0.03610576826473612
72,South Pasadena,24303,5759.811,11981.378999999999,3718.359,2843.451,43.78132006988648,245.9925637250756,59.00999793648877,37.216118268549174,386.00000000000006,386.0,0.007601173036734449,0.020531239661567807,0.01586990334620427,0.01308836279174467
73,Agoura Hills,20324,6544.328,8678.348,3820.912,1280.412,44.15326510915181,158.15006752579447,53.82183061413476,14.874836750918965,271.0,271.0,0.006746798924068568,0.018223522210194205,0.01408612148464418,0.011617226916741615
74,Altadena,42680,11694.320000000002,18864.56,6956.84,5164.28,,,,,,,,,,
75,Sherman Oaks,61166,10031.224,33641.3,9174.9,8257.41,126.48070435047335,1145.7178261705176,241.5268120421416,179.27465743686741,1693.0,1693.0,0.012608701026960751,0.03405688324085328,0.026324735097073712,0.02171076129644373
76,Playa Vista,2416,471.12,1212.832,352.736,379.312,16.509166646854762,114.79654320116423,25.806972464938653,22.88731768704235,180.0,180.0,0.03504238123377221,0.09465164441667454,0.0731622869934984,0.06033902878644058
77,Carthay,4866,793.158,2700.6299999999997,686.1059999999999,690.972,23.69852965013486,217.95223840396434,42.80027627378685,35.548955672113976,320.0,320.0,0.02987869964135123,0.08070422027599648,0.0623814341716686,0.05144775138806489
78,North Whittier,4351,1144.313,1936.195,839.743,435.1,,,,,,,,,,
79,Chinatown,9610,2248.7400000000002,4065.0299999999997,1374.2300000000002,1912.3899999999999,23.6578770692742,115.51405622300452,30.184891106533073,34.64317560118822,204.0,204.0,0.010520503512755675,0.028416532282173692,0.021964948448609817,0.018115120661156052
80,San Dimas,35064,9502.344000000001,15217.776,6101.1359999999995,4207.68,110.6524330585067,478.647681751202,148.33190959599855,84.36797559429269,822.0,822.0,0.011644751343300841,0.031453195378299825,0.02431217884603762,0.020050948644928485
81,Manhattan Beach,34039,7828.969999999999,16815.266,5888.747,3471.9779999999996,54.294064309075175,314.9822053063428,85.26372118114676,41.460009203435206,495.99999999999994,496.0,0.006935020099588475,0.01873191927539789,0.01447909397044002,0.011941322555452601
82,Granada Hills,50535,12785.355,22942.89,8489.880000000001,6367.41,236.0680855319475,1144.2137519158086,327.2801768432074,202.43798570903635,1909.9999999999998,1910.0,0.018463944531219315,0.04987225898375526,0.038549446734607244,0.031792830320182985
83,Green Valley,754,230.72399999999996,334.77599999999995,123.65599999999998,65.598,,,,,,,,,,
84,Valley Village,24190,4426.7699999999995,13231.929999999998,3434.9799999999996,3072.13,58.29066317304585,470.6193572256486,94.43433221374352,69.65564738756207,693.0,693.0,0.013167764119899127,0.03556694731801398,0.027491959840739547,0.022673404897436654
85,Walnut,30004,8851.18,13831.844,5190.692,2160.2880000000005,64.52436874508206,272.35617563234206,79.00262363312427,27.11683198945166,443.00000000000006,443.0,0.007289917134786781,0.019690518171860676,0.015220056137625632,0.012552415228641577
86,Baldwin Hills/Crenshaw,30123,8283.825,12802.275,4578.696,4488.327,,,,,,,,,,
87,Redondo Beach,63261,12272.634,36248.553,9489.15,5187.401999999999,72.34993140122998,577.1989988445487,116.7942105329864,52.65685922123507,819.0000000000001,819.0,0.005895224399361212,0.015923366619477162,0.012308184667012998,0.010150911616496094
88,San Gabriel,39306,9590.664,18984.798,5502.84,5267.004,111.65640903631193,597.0016264367238,133.75669475014354,105.58526977682077,948.0,948.0,0.01164219797881689,0.031446298582514486,0.02430684787312434,0.02004655203922776
89,Gramercy Park,10047,2973.912,3958.518,1687.8960000000002,1436.7210000000002,,,,,,,,,,
90,Claremont,35397,8176.706999999999,16070.238000000001,5946.696000000001,5238.756,69.20339370587757,367.3718023862713,105.07958696604923,76.34521694180184,617.9999999999999,618.0,0.008463479699820182,0.02286038342346089,0.01767024696840888,0.014573157624024068
91,Burbank,100316,23373.628,49756.736,14144.555999999999,12940.764000000001,277.3606073554559,1594.795819424324,350.4302866437598,264.41328657646045,2487.0,2487.0,0.011866390932355725,0.03205185765047619,0.024774923061830986,0.020432587023181972
92,East Pasadena,6045,1589.835,2659.8,1003.47,797.94,,,,,,,,,,
93,El Segundo,15970,3705.04,8304.4,2443.41,1517.15,19.483211439347073,117.95339780896695,26.82610698252656,13.737283769159426,178.00000000000003,178.0,0.0052585697966410815,0.01420372306355269,0.010978962590202448,0.009054664185584434
94,Diamond Bar,56784,16126.656,26461.344,10050.768,4088.4480000000003,117.15852667729774,519.2494338110314,152.4482665629219,51.143772948748946,839.9999999999999,840.0,0.007264898977028947,0.019622942576576284,0.015167822654241138,0.012509336782257947
95,Pico-Robertson,18019,3261.439,9477.994,2342.4700000000003,2919.078,,,,,,,,,,
96,East San Gabriel,22171,5542.75,10486.883,3347.821,2793.546,,,,,,,,,,
97,Tujunga,26527,7135.763000000001,12892.122,3872.9419999999996,2626.1730000000002,105.66429721799527,515.640251475044,119.73538286855496,66.96006843840581,808.0,808.0,0.014807708330278802,0.039996538310376216,0.030915872963900564,0.02549720389266275
98,Hacienda Heights,53525,14344.7,23551.0,9259.825,6315.950000000001,,,,,,,,,,
99,Rancho Park,4295,824.64,2233.4,691.495,541.17,10.718026239422569,78.40639466221765,18.764332755787745,12.111246342572024,120.0,120.0,0.012997218470390193,0.03510629294448717,0.02713589072341484,0.022379744521263234
100,Los Feliz,35238,5426.652,20191.374,4933.320000000001,4651.416,23.91850311873163,240.3822807531483,45.39781746912033,35.30139865899971,345.0,345.0,0.004407598482219171,0.011905196781216985,0.009202285168835657,0.007589387545426964
101,Del Rey,28010,6386.28,14117.04,4173.49,3333.19,58.15537936943315,347.2323151776651,79.34781592607378,52.26448952682802,537.0000000000001,537.0,0.009106299656362256,0.02459667998232385,0.019012341212288463,0.015680021098955662
102,Rowland Heights,47524,13259.196000000002,22241.232,7936.507999999999,4087.064,,,,,,,,,,
103,Westchester,41500,9130.000000000002,21704.5,5892.999999999999,4772.5,65.36466022460176,419.7170091348922,88.08507615818881,58.83325448231724,632.0,632.0,0.007159327516385734,0.01933778751571758,0.014947408138162028,0.012327554632229908
104,La Mirada,46782,13192.524000000001,20396.952,6876.954,6315.570000000001,165.75557548029192,692.2135239327687,180.39730059671209,136.63359999022725,1175.0,1175.0,0.012564356561359442,0.033937106089810314,0.026232151705058968,0.021634405127364156
105,Lakewood,79412,23029.48,36291.284,10879.444,9211.792,253.6221075811385,1079.5427938956955,250.15163111693323,174.6834674062324,1757.9999999999998,1758.0,0.011012932449240648,0.029746613371290347,0.022993052872640665,0.01896302775901067
106,Lake Balboa,24238,6253.404,12094.762,3223.654,2666.18,192.5430736266631,1005.8733302272449,207.23041557956307,141.35318056652915,1547.0,1547.0,0.030790122248084896,0.08316602924697855,0.06428432318715441,0.05301711833654485
107,Unincorporated Catalina Island,139,41.422000000000004,67.554,26.270999999999997,3.7530000000000006,,,,,,,,,,
108,South San Gabriel,8100,2195.1000000000004,3645.0,1206.8999999999999,1053.0,,,,,,,,,,
109,Venice,37705,5354.11,23527.92,5618.045,3242.6299999999997,30.80165190169051,365.59883838794474,67.47852721326342,32.120982497101295,495.99999999999994,496.0,0.005752898595974029,0.015538935800017374,0.012011033591447454,0.009905842633017426
110,Eagle Rock,32493,7993.278,15759.105,4743.978,3996.6390000000006,116.55340123319097,620.6776918651816,144.42300025146415,100.34590665016313,981.9999999999998,982.0,0.014581427198352285,0.03938533894311775,0.03044343802847824,0.02510757330100695
111,East La Mirada,9442,2700.4120000000003,4230.0160000000005,1359.6480000000001,1151.924,,,,,,,,,,
112,Mar Vista,35492,7027.416,19201.172,5110.848000000001,4152.563999999999,45.62081427759604,336.6895683996228,69.27140512384274,46.41821219893849,498.0,498.0,0.006491833453092294,0.017534844664670615,0.013553798728477687,0.011178205127949502
113,Unincorporated Santa Monica Mountains,8929,2134.031,4527.003,1517.93,750.0360000000001,,,,,,,,,,
114,Lomita,19984,5255.792,9772.176,2697.84,2238.2079999999996,40.24480061916653,202.11448726191142,43.13019908036814,29.510513038553892,315.0,315.0,0.007657228562158953,0.02068264911130453,0.0159869373574297,0.013184884085194002
115,Littlerock,1388,464.98,581.572,216.528,123.53200000000001,,,,,,,,,,
116,Quartz Hill,9351,3011.0219999999995,4151.844,1383.948,804.1859999999999,,,,,,,,,,
117,Alhambra,85961,20544.679,42722.617,11432.813,11346.852,199.0905491838673,1118.2623052104846,231.31193797025895,189.33520763538917,1738.0,1738.0,0.009690613768356629,0.02617494862757318,0.02023228561249615,0.01668614410722808
118,Silver Lake,30972,6163.428,17313.347999999998,4212.192,3314.004,,,,,,,,,,
119,Unincorporated Santa Susana Mountains,4525,1230.8000000000002,2398.25,624.45,271.5,,,,,,,,,,
120,Ridge Route,1951,602.8589999999999,1008.667,241.924,97.55000000000001,,,,,,,,,,
121,Pasadena,134941,32250.898999999998,67470.5,18891.74,16192.92,,,,,,,,,,
122,Atwater Village,14888,3692.224,7190.9039999999995,2262.976,1741.896,45.85447174345994,241.2191028908647,58.67691392698985,37.24951143868551,383.0,383.0,0.012419200932408201,0.033545031736046636,0.02592909245479839,0.021384463503381093
123,San Pedro,80065,21777.68,37390.354999999996,11849.62,9127.41,322.4739205455844,1495.4680109411415,366.33724214035954,232.72082637291462,2417.0,2417.0,0.014807542426263238,0.039996090193343756,0.030915526585693003,0.02549691822465679
124,Mid-Wilshire,41683,7461.257,23800.993,5252.058,5168.692,,,,,,,,,,
125,Castaic Canyons,7757,2474.483,3661.304,1171.307,442.149,,,,,,,,,,
126,Mission Hills,18237,5398.152,8024.28,2279.625,2534.943,192.23418394689875,771.8379658896256,169.48941587845977,155.43843428501586,1288.9999999999998,1289.0,0.03561110986628364,0.09618781571550664,0.07434969167229688,0.061318315356604015
127,Duarte,21486,6402.828000000001,9389.382,3093.9840000000004,2578.3199999999997,110.9074784909831,439.2993472241768,111.892434275207,76.90074000963317,739.0,739.0,0.017321639514755523,0.04678682230887792,0.03616451613040241,0.02982590989855145
128,Larchmont,8631,1950.6059999999998,4755.681,1199.709,716.373,,,,,,,,,,
129,Manchester Square,11594,3628.922,4683.976000000001,1762.288,1518.814,42.91975404894259,149.63349006113208,43.516117184077984,30.93063870584733,267.0,267.0,0.011827136005938566,0.031945827660332174,0.02469296572641815,0.020364994466634707
130,Gardena,57818,15553.041999999998,26943.188,8036.702000000001,7285.068,211.24892374803966,988.46818393084,227.90333891224114,170.37955340887927,1598.0000000000002,1598.0,0.013582482690398424,0.036687127890390706,0.028357818780917983,0.023387503508392683
131,Del Aire,9039,2720.7389999999996,4429.11,1111.797,768.315,,,,,,,,,,
132,Monrovia,36817,10713.747,17377.624,4749.393,3939.419,150.00502434782615,657.1876127223436,138.83411292516772,94.97325000466257,1041.0,1041.0,0.014001172918104763,0.03781803615513511,0.029231969838075668,0.024108440865178996
133,Artesia,16380,4684.68,7387.38,2194.92,2096.64,73.62790345361864,313.6082625033912,72.02360610719235,56.74022793579782,516.0,516.0,0.015716741261648317,0.0424518926200346,0.032813772760370466,0.02706245608964716
134,Hasley Canyon,423,130.284,233.073,45.684000000000005,14.382000000000001,,,,,,,,,,
135,Covina,50954,14929.521999999999,23693.609999999997,6776.8820000000005,5553.986,275.9293289885805,1182.8175256185582,261.5023211085802,176.75082428428112,1897.0,1897.0,0.01848212749132762,0.04992137228639107,0.03858740953562127,0.03182413932701327
136,Carson,89549,26775.151000000005,38953.815,14417.389000000001,9402.645,370.8027225413177,1457.120728131059,416.86099856520843,224.21555076241475,2469.0,2469.0,0.013848763076679479,0.037406367723702004,0.028913765076686797,0.023846008305366706
137,Desert View Highlands,2287,807.3109999999999,1074.8899999999999,256.14399999999995,146.368,,,,,,,,,,
138,Elizabeth Lake,1379,512.9879999999999,612.276,180.649,73.087,,,,,,,,,,
139,Fairfax,12490,2110.81,7381.589999999999,1224.02,1773.58,,,,,,,,,,
140,Hermosa Beach,18442,2139.272,12522.118,2544.996,1254.056,16.056188199176795,253.85679253953586,39.88018917756248,16.20683008372489,326.0,326.0,0.007505444936023467,0.020272672126195893,0.015670040022680774,0.012923529797493005
141,Industry,1008,284.256,487.87199999999996,55.44,180.432,7.006691345006544,32.4820771364336,2.853121263102252,7.658110255457598,50.0,50.0,0.024649229374249074,0.06657909684596289,0.05146322624643312,0.04244319331081847
142,Lake Hughes,571,210.69899999999998,253.52399999999997,75.372,31.405,,,,,,,,,,
143,Mount Washington,12728,3487.472,6173.08,1871.0159999999998,1209.16,,,,,,,,,,
144,Signal Hill,9273,2531.5289999999995,4803.414,1131.306,806.751,49.29770445824133,252.65527094181826,45.99573287744172,27.051291722498743,375.0,375.0,0.019473489917848596,0.052599103667062275,0.04065719873972357,0.033531153630424686
145,Sun Village,9375,3337.5,4031.2500000000005,1303.1250000000002,703.125,,,,,,,,,,
146,Whittier,83838,25151.400000000005,38397.804,9809.046,10479.75,493.5896988813907,2035.3770072872944,401.90587724668404,354.12741658463045,3284.9999999999995,3285.0,0.019624740526626373,0.05300764093923951,0.040972983228612044,0.03379159012234361
147,Rosemead,53280,15504.48,25254.719999999998,6873.12,5594.4,178.93910433167497,787.272651914019,165.61346478573566,111.1747789685703,1243.0,1243.0,0.011541122587257036,0.031173287683016047,0.02409582035316358,0.019872511613143556
148,Sawtelle,35844,4444.656,23477.82,4122.06,3799.464,,,,,,,,,,
149,West Covina,104893,31048.327999999998,48145.886999999995,14475.234,11223.551,579.132337804538,2425.6790861942504,563.7140429323277,360.4745330688837,3929.0,3929.0,0.01865260949976237,0.050381854761430624,0.03894334578165215,0.032117690120433695
150,Northridge,57561,13929.761999999999,28780.5,8058.540000000001,6849.759000000001,245.15789406205144,1368.1542813782328,296.10941367886375,207.57841088085235,2117.0000000000005,2117.0,0.01759957521614881,0.04753754387096238,0.036744796660296244,0.030304483833789236
151,Valley Glen,59230,17354.39,29259.62,6989.14,5626.85,149.14147079872313,679.1915962592819,125.40257988521402,83.2643530567809,1037.0,1037.0,0.008593875716675903,0.023212591149826347,0.017942490762127245,0.01479768486040696
152,Charter Oak,9046,2777.122,4296.849999999999,1203.1180000000002,768.9100000000001,,,,,,,,,,
153,Santa Fe Springs,17834,5546.374000000001,7936.129999999999,2175.748,2175.748,119.19460911619333,460.67091044823997,97.62245341871798,80.51202701684866,758.0,758.0,0.021490546637531714,0.058047298928853235,0.044868456006264504,0.03700429784002957
154,Mayflower Village,11649,3657.786,5323.593,1502.721,1164.9,,,,,,,,,,
155,Winnetka,46943,13425.698000000002,23893.987,5586.217000000001,4037.0979999999995,274.2710162368518,1318.4577528375555,238.26184834900226,142.0093825765905,1973.0000000000002,1973.0,0.020428808709748406,0.05517947895583753,0.04265173521705337,0.035176104859627015
156,Santa Clarita,157447,49438.35799999999,77306.477,19995.769,10706.396,892.7232508641334,3770.537318555256,753.849379262151,332.89005131845914,5750.0,5750.0,0.01805729977650418,0.048773886288405774,0.03770044449213986,0.031092633909530258
157,Reseda,62174,17906.112,30465.26,7709.576,6155.226000000001,486.00276921893465,2233.453369161066,436.8794370121152,287.66442460788426,3444.0,3444.0,0.027141725083532072,0.07331148229692003,0.05666711593635178,0.04673498984568304
158,Stevenson Ranch,8609,2780.707,4640.251,878.1179999999999,301.31500000000005,,,,,,,,,,
159,Alondra Park,8604,2581.2,4267.584,1015.272,739.944,,,,,,,,,,
160,Palms,42545,7317.74,28079.699999999997,4382.135,2765.425,55.48218449412972,575.0473338451143,69.36749197206922,36.10298968868665,735.9999999999998,736.0,0.007581874252724163,0.020479112449389214,0.01582961090246403,0.013055132461985643
161,Mid-City,52197,15659.099999999999,25628.727,6524.625,4332.351000000001,,,,,,,,,,
162,East Hollywood,73967,21302.496000000003,38462.840000000004,7618.601000000001,6583.063000000001,127.0313280487824,619.5213073108425,94.85259960413613,67.59476503623907,909.0000000000001,909.0,0.005963213327151071,0.01610700892889975,0.012450133509306516,0.01026798088309941
163,Montecito Heights,16768,4913.023999999999,7914.495999999999,2313.9840000000004,1592.96,,,,,,,,,,
164,Montebello,61960,18649.96,27881.999999999996,7683.04,7745.0,477.5224367175424,1928.298900512167,410.7169575178787,341.4617052524118,3158.0,3158.0,0.025604475115096354,0.06915927481931594,0.05345761020610054,0.04408801875434626
165,Chesterfield Square,6062,2121.7,2582.4120000000003,721.378,636.51,,,,,,,,,,
166,Arlington Heights,22096,6672.992,10915.423999999999,2607.328,1900.2559999999999,,,,,,,,,,
167,Jefferson Park,23130,7378.469999999998,10662.93,2590.56,2498.0400000000004,56.597071673739585,220.92189365798032,41.48728011577504,32.993754552504996,351.99999999999994,352.0,0.007670570141742068,0.020718685544965625,0.016014792213179793,0.01320785678071808
168,Lake View Terrace,11803,3883.1870000000004,5417.576999999999,1569.799,920.634,,,,,,,,,,
169,Lancaster,120783,41066.219999999994,55077.048,13769.262,10749.687000000002,995.7797827487328,3607.3126405294606,697.0804477518325,448.82712896997384,5749.0,5749.0,0.024248148058154194,0.06549575134327207,0.05062583947867594,0.04175257651408583
170,Downey,107323,32948.16100000001,49368.579999999994,13093.405999999999,12020.176,866.7095383055258,3507.741538732358,719.0990150378452,544.4499079242714,5638.000000000001,5638.0,0.026305247758912118,0.07105210517969847,0.05492069939921249,0.045294670221490224
171,Hollywood,77818,15797.054000000002,47002.072,8093.072000000001,6925.802000000001,162.32096654654327,1304.5179946690553,173.6223315695783,122.5387072148231,1763.0,1763.0,0.01027539480124226,0.027754478455099922,0.0214532048608462,0.017693071100620995
172,Avalon,3181,1005.196,1450.5359999999998,413.53000000000003,311.738,0.7948301021450264,3.098037140875487,0.6826910963658962,0.4244416606135906,5.0,5.0,0.0007907215131626334,0.0021357878335149815,0.0016508865048869396,0.0013615332767054084
173,Pico Rivera,63151,20524.075,27912.742000000002,7578.12,7136.063,557.9991707200609,2049.778885905588,430.1551246023777,334.0668187719729,3371.9999999999995,3372.0,0.027187542957237337,0.07343523921460629,0.05676277554358835,0.04681388305736271
174,Castaic,16843,3604.402,11604.827000000001,1246.382,370.54600000000005,,,,,,,,,,
175,Long Beach,462731,141595.686,226275.459,53214.065,41645.79,,,,,,,,,,
176,Hyde Park,36635,11796.470000000001,16082.765,5018.994999999999,3773.405,166.6233464157467,613.5911039436004,148.0110741939389,91.77447544671418,1020.0000000000002,1020.0,0.014124848061813975,0.038152090386423004,0.029490181638742202,0.024321395515910477
177,Elysian Valley,7387,2289.97,3479.2769999999996,982.471,635.2819999999999,56.04187057237694,229.9886423237077,50.199134862922335,26.770352240993027,363.0,363.0,0.02447275316811004,0.0661024236712707,0.051094775176999965,0.04213932118491163
178,Elysian Park,2530,829.84,1135.97,336.49,230.23,23.082815215489347,85.34848680439174,19.541605192608905,11.02709278751,139.0,139.0,0.027815982858731016,0.07513269435318867,0.058074846778831186,0.04789598569912696
179,Harbor City,23561,7351.032,11733.378,2638.832,1837.758,102.44548608134072,441.6743001776178,76.78032015457542,44.09989358646603,664.9999999999999,665.0,0.01393620461471814,0.03764255273951097,0.029096327524668272,0.02399657277316493
180,Koreatown,115070,29918.2,65359.76000000001,12542.63,7134.34,186.52283711004426,1100.630526089693,163.25963652204163,76.58700027822108,1526.9999999999998,1527.0,0.0062344271082499705,0.016839574167495302,0.013016379859889165,0.010734980429615225
181,Glassell Park,23467,7392.1050000000005,11240.693,2909.908,1900.827,153.95544595927888,632.3456991994439,126.53184773526418,68.16700710601316,981.0,981.0,0.020827010162772157,0.05625504576981543,0.043483109340661005,0.035861762856910784
182,Echo Park,40455,11893.770000000002,20632.05,4652.325,3276.855,55.901326349365576,261.92654327139263,45.6526807789101,26.51944960033163,389.99999999999994,390.0,0.0047000510644955775,0.012695129338645101,0.009812874375481099,0.008092957912489759
183,Harvard Heights,18587,5669.035,9349.261,2100.331,1486.96,105.84304268119584,471.4818893551988,81.87184601701291,47.803221946592394,707.0,707.0,0.018670380881613158,0.05042985636567412,0.03898044928014342,0.03214829043591784
184,Avocado Heights,17415,5642.459999999999,7906.409999999999,2229.12,1619.5950000000003,,,,,,,,,,
185,North Hollywood,77848,22809.464000000004,42271.46399999999,7551.255999999999,5215.816000000001,837.2992256580386,4191.287500773386,578.7332919256123,329.6799816429642,5937.0,5937.0,0.036708413036713114,0.09915169961403245,0.07664066639054647,0.06320774767418255
186,Vincent,15032,4975.592,7275.487999999999,1638.488,1142.432,,,,,,,,,,
187,Canoga Park,53227,16074.554,27997.402000000002,5056.5650000000005,4098.479,419.3939751608133,1973.0384189171484,275.44348985670706,184.12411606533098,2851.9999999999995,2852.0,0.02609055126262373,0.07047219663157132,0.054472451131688616,0.044924987066014235
188,Val Verde,1888,677.7919999999999,919.456,185.024,103.84,,,,,,,,,,
189,Bellflower,72829,24252.057,34156.801,8448.163999999999,5971.977999999999,528.9231667116534,2012.128683310463,384.6803546493043,224.26779532857955,3150.0000000000005,3150.0,0.021809414628691223,0.05890858114348774,0.045534195909230024,0.037553352562346945
190,West Whittier-Los Nietos,25880,8799.2,11335.44,3027.96,2691.5200000000004,,,,,,,,,,
191,Inglewood,112482,37906.433999999994,52866.53999999999,13722.804,7873.740000000001,654.5305163945162,2465.6555737068793,494.71319272184877,234.10071717675555,3849.0,3849.0,0.017267003179315583,0.04663924617928239,0.03605044513656602,0.029731832290214755
192,Arleta,31068,10221.372000000001,14633.027999999998,3666.0240000000003,2516.5080000000003,363.76438907841174,1406.629573375615,272.3955154026283,154.21052214334466,2197.0,2197.0,0.03558860680135814,0.09612703354190365,0.07430270925739392,0.061279567616452896
193,Norwalk,103223,34889.374,47069.688,11973.867999999999,9393.293,792.7333932874781,2888.7492697981015,568.0180079983733,367.49932891604726,4617.0,4617.0,0.02272134184142937,0.061371753086574554,0.04743813845270161,0.039123588385462614
194,El Sereno,40954,13228.142,19125.518,4668.756,3890.63,293.2390713790013,1145.1720696334714,216.08161998582568,148.5072390017015,1803.0,1803.0,0.02216782004449312,0.05987665639348808,0.04628248295388015,0.03817048627129835
195,South Whittier,55285,19128.61,25707.524999999998,6081.35,4367.515,,,,,,,,,,
196,Sun Valley,75848,25636.623999999996,36558.736,8115.736,5461.0560000000005,439.32001676949784,1692.1773703381057,290.36330533378623,161.1393075586099,2582.9999999999995,2583.0,0.017136422360818564,0.04628653929222569,0.035777815509743814,0.029506986846245465
197,Lawndale,31729,10502.298999999999,16372.164,3236.3579999999997,1586.45,151.2871606000012,637.0277234813251,97.33474884391958,39.35036707475398,924.9999999999998,925.0,0.014405146968297247,0.0389091951119794,0.030075396122406603,0.024804038623816686
198,West Puente Valley,23866,8138.306,10882.895999999999,2577.5280000000002,2291.136,,,,,,,,,,
199,Van Nuys,103770,32791.32,54583.020000000004,9443.07,6952.59,701.287947370849,3153.0407959667027,421.64246856871864,256.0287880937296,4532.0,4532.0,0.021386389671743895,0.05776596450630072,0.0446509947049761,0.0368249512906312
200,Valinda,21568,7484.096,9878.144,2674.432,1531.328,,,,,,,,,,
201,North Hills,53095,18052.300000000003,25644.885,5203.31,4194.505,471.1450041253637,1807.8290362433345,283.52764565007874,188.4983139812234,2751.0000000000005,2751.0,0.026098890674615623,0.0704947219004232,0.05448986234725179,0.044939346593036215
202,Highland Park,57566,18824.082000000002,27804.378,6504.9580000000005,4375.016,266.2274330306032,1062.1521590006946,192.07779351590068,106.54261445280137,1627.0,1627.0,0.014142917196737837,0.03820089624017824,0.02952790679292636,0.024352508528609127
203,Sylmar,69499,23907.656,32456.033,7853.387000000001,5281.924,859.3967584899483,3151.277892201897,589.3962587320699,326.9290905760853,4927.000000000001,4927.0,0.035946508452771295,0.09709374809305552,0.07504994453120288,0.06189583389993595
204,West Adams,21764,7595.6359999999995,9967.912,2306.984,1871.704,210.5981324789391,746.4988106693279,133.54530262770783,89.35775422402513,1179.9999999999998,1180.0,0.027726201265955756,0.07489018870444762,0.057887398710917734,0.04774139192095819
205,Harvard Park,10297,3737.8109999999997,4448.304,1184.155,926.73,391.8660299168103,1259.6482631674296,259.1925383702299,167.29316854552985,2077.9999999999995,2078.0,0.10483837463071577,0.28317495008601695,0.21888396229398172,0.1805198585839779
206,Palmdale,117432,46150.776000000005,52844.399999999994,11743.2,6811.056,1422.2480965102052,4398.756058586745,755.5730751338317,361.422769769218,6937.999999999999,6938.0,0.030817425399525353,0.08323977675187429,0.06434132733273994,0.053064131284373234
207,West Compton,5444,1997.9479999999999,2319.1440000000002,544.4,582.508,,,,,,,,,,
208,Irwindale,1472,471.0400000000001,680.0640000000001,151.616,169.28,14.538453779541598,56.695001451257625,9.770102704240639,8.996442064960146,90.00000000000001,90.0,0.0308645842806165,0.08336715581365521,0.06443978672594342,0.053145333559547175
209,Westwood,47916,5941.584,31624.56,4647.852,5749.92,38.28406199675543,550.3954241790298,62.52615495436411,63.7943588698508,715.0000000000001,715.0,0.006443410039604832,0.017404050022483467,0.013452699215543892,0.011094825470589294
210,Lake Los Angeles,11141,4768.348,4467.541,1281.2150000000001,623.896,,,,,,,,,,
211,Lincoln Heights,26616,9049.44,12136.896,2714.832,2714.832,253.75014923321598,919.2354943564771,158.93561386991217,131.07874254039464,1463.0,1463.0,0.02804042562116727,0.07573892817047102,0.058543443524281494,0.04828245082583182
212,Westlake,103839,30944.021999999997,55969.221000000005,8930.153999999999,7891.764,424.5617552119245,2074.1870793659705,255.80953004685458,186.44163537525046,2940.9999999999995,2941.0,0.013720315840388317,0.037059423774470086,0.028645589991712867,0.023624836649353737
213,Cypress Park,9764,3183.0640000000003,4637.9,1122.8600000000001,820.176,,,,,,,,,,
214,Harbor Gateway,39688,13295.479999999998,19486.808,4048.176,2897.2239999999997,220.77856136837454,874.0336186796123,140.34790247664137,82.83991747537154,1317.9999999999998,1318.0,0.016605535217109467,0.04485258020090373,0.03466941715889857,0.02859285905244867
215,Commerce,12583,4404.049999999999,5561.686,1333.798,1296.0490000000002,143.96151679441843,491.06071540975995,91.02860710061489,72.94916069520671,799.0,799.0,0.03268843832254821,0.08829349866385121,0.06824767101211344,0.05628580454535801
216,Pico-Union,42324,13839.947999999999,21415.944,4147.752,3005.004,,,,,,,,,,
217,Hawthorne,86265,28208.654999999995,44253.945,8626.5,5175.9,429.5958279133423,1820.3890767867097,274.2874676801396,135.7276276198084,2660.0000000000005,2660.0,0.015229220532256584,0.04113506890259636,0.03179591580364454,0.026223000370912963
218,Athens,9101,3276.3599999999997,3931.6319999999996,1237.736,664.3729999999999,,,,,,,,,,
219,Azusa,44384,14868.639999999998,22280.768,4127.712,3106.88,344.58202546022034,1394.7169630887795,199.72131809454768,123.97969335645227,2063.0,2063.0,0.023175086992503712,0.06259734687281783,0.0483854779826082,0.03990488636717616
220,Exposition Park,31062,11058.072,14816.574,2981.952,2174.34,327.6757577978016,1185.8977551372707,184.48421395898492,110.94227310594273,1809.0000000000002,1809.0,0.02963226842778756,0.08003859428888693,0.06186692943380206,0.051023424628136686
221,Citrus,11964,4211.3279999999995,5766.648,1304.076,681.948,,,,,,,,,,
222,El Monte,116249,41500.893,55334.524000000005,11857.398,7672.434,1055.2422427395568,3800.3662999544717,629.47398544096,335.917471865012,5821.0,5821.0,0.025426976781910617,0.0686798408160965,0.05308702511638388,0.04378238664092933
223,San Fernando,23534,8401.637999999999,11202.184,2329.866,1600.3120000000001,270.6789539724263,974.8275164886703,156.71664677395,88.77688276495348,1491.0,1491.0,0.032217402603209794,0.08702120198067362,0.067264231837346,0.05547473415493571
224,Adams-Normandie,17596,5736.295999999999,8833.192000000001,1601.2359999999999,1442.8719999999998,,,,,,,,,,
225,South San Jose Hills,20257,7353.291,9378.991,2289.041,1235.677,,,,,,,,,,
226,Pomona,150269,54547.647,71678.313,14125.286,10068.023000000001,1427.3848692366382,5066.259092675769,771.7132908323377,453.64274725525485,7719.0,7719.0,0.026167670793144172,0.07068050126508656,0.054633463055710006,0.0450577782008697
227,La Puente,41009,14517.186,19356.248,3977.8729999999996,3157.6929999999998,371.12219642351886,1336.5654172367363,212.31421126522605,138.99817507451866,2058.9999999999995,2059.0,0.02556433432922323,0.06905085206785615,0.0533738033530045,0.0440189008477134
228,Vermont Square,45284,16256.956,20830.64,4347.264,3803.856,81.14836341052023,280.85211709185717,45.30542539122123,32.69409410640135,439.99999999999994,440.0,0.004991608724937204,0.013482644656710363,0.010421595143801072,0.008594987325072597
229,Baldwin Park,75753,27725.597999999998,35528.157,7878.312000000001,4620.933,771.1404673748826,2669.0690238505317,457.4876881085869,221.30282066599872,4119.0,4119.0,0.027813303337041916,0.07512545679897023,0.058069252412012475,0.04789137186494561
230,Panorama City,65766,23807.291999999998,32422.638,5392.811999999999,4077.492,781.2558425899971,2873.8637898070933,369.4810955484813,230.39927205442862,4255.0,4255.0,0.03281582141261581,0.08863756828815389,0.068513624348203,0.056505143861576825
231,East Los Angeles,125897,45448.816999999995,58290.311,11582.524,10449.451000000001,,,,,,,,,,
232,Westmont,31467,12460.932,13751.079,3304.035,1982.421,,,,,,,,,,
233,South El Monte,20935,7348.1849999999995,10027.865000000002,2093.5,1486.3849999999998,196.6535851250588,724.8778322895844,116.97375040120416,68.49483218415259,1107.0,1107.0,0.02676219843744528,0.0722863572943577,0.05587473150284412,0.04608148776000336
234,Boyle Heights,92756,33948.695999999996,42946.028,8811.82,7142.2119999999995,1064.4428735156778,3637.113197287131,576.8442145037691,385.5997146934218,5663.999999999999,5664.0,0.031354455367466186,0.0846903279923147,0.06546255081285922,0.05398883632877627
235,Willowbrook,34336,13356.704,14661.472,3364.9280000000003,2952.8959999999997,,,,,,,,,,
236,Vermont-Slauson,26797,10290.048,11924.665,2626.106,1956.1809999999998,,,,,,,,,,
237,Walnut Park,16180,5663.0,7750.219999999999,1618.0,1148.78,,,,,,,,,,
238,Compton,94384,37847.984000000004,41057.04,8588.944,6890.031999999999,1118.4279239102511,3277.082987143028,529.9058132802531,350.5832756664687,5276.000000000001,5276.0,0.029550528342810835,0.07981780925130082,0.06169627061024652,0.05088267741956332
239,Bell,36667,13493.456,18040.164,3263.3630000000003,1870.0169999999998,385.45080048007287,1391.9408786886681,194.62776815286912,91.98055267838988,2064.0,2064.0,0.028565758133429483,0.07715788385785562,0.059640244788235056,0.04918701417066791
240,Paramount,55319,21297.815,26331.844,4812.753,2821.269,624.6796799783339,2086.1145673576184,294.7199703733085,142.48578229073922,3148.0,3148.0,0.02933069331188828,0.07922402120252643,0.061237293992296826,0.0505041462869153
241,Pacoima,75014,28055.236,35331.594,7051.316,4575.854,1012.8294943403907,3445.2456907338105,531.4791770224989,284.44563790329954,5274.000000000001,5274.0,0.03610126446059447,0.09751175366539677,0.07537304767259033,0.062162306293710314
242,Wilmington,51517,19370.392,24367.541,4636.53,3091.02,448.9218378098758,1525.381874048852,224.3463764083679,123.34991173290419,2322.0,2322.0,0.023175671293068092,0.06259892510487013,0.04838669789872338,0.039905892466856954
243,Green Meadows,28381,11522.686000000002,12288.973,2270.48,2270.48,258.23886244242453,743.9059222508948,106.23783604374799,87.61737926293253,1195.9999999999998,1196.0,0.022411342497957898,0.06053442563922102,0.04679091471572002,0.038589804474354554
244,Huntington Park,61370,23075.12,29887.19,5216.450000000001,3191.2400000000002,713.4403244800717,2495.935293813048,336.7304540321678,169.89392767471205,3715.999999999999,3716.0,0.03091816313328259,0.0835118756167123,0.06455164988299855,0.053237590301798685
245,Vermont Vista,23291,9293.109,10038.421,2352.3909999999996,1560.497,513.3756403587412,1497.8702167772276,271.3172448551698,148.43689800886162,2431.0000000000005,2431.0,0.055242614754517694,0.14921372761485371,0.1153367976901671,0.09512155294682502
246,Hawaiian Gardens,14915,5757.1900000000005,6831.070000000001,1387.0950000000003,939.645,132.89382446864442,425.9096955845922,66.84887553417593,37.34760441258739,663.0,663.0,0.02308310555473146,0.06234889930634471,0.04819343702787186,0.03974650470399713
247,South Gate,96418,36060.332,46377.058000000005,8774.038,5206.572000000001,1120.3646003670729,3891.9513758312505,569.1448768418775,278.539146959799,5860.0,5860.0,0.03106917042158882,0.08391975566520951,0.06486692636182764,0.05349760782330465
248,Vermont Knolls,20616,7999.008,9297.816,1979.136,1340.04,179.38501221467897,563.2037323580581,92.66576695698647,51.74548847027642,887.0,887.0,0.02242590733934495,0.06057376617885943,0.046821323525511375,0.03861488348875886
249,Florence,43815,17964.15,19935.824999999997,3286.125,2585.085,,,,,,,,,,
250,University Park,23596,5167.524,15927.3,1392.164,1085.416,139.91146311262335,1164.7896678610941,78.69639851355014,50.60247051273249,1434.0,1434.0,0.02707514529446275,0.0731316461585513,0.05652810912618782,0.046620346957049176
251,Broadway-Manchester,23471,9623.11,10515.008,1971.564,1361.318,,,,,,,,,,
252,Maywood,28083,10952.37,13704.503999999999,2246.64,1207.569,359.5502288919067,1215.2044129103615,153.98506906005892,68.26028913767286,1797.0,1797.0,0.03282853198822782,0.08867190034096539,0.06854016177939454,0.0565270300394204
253,Lynwood,69899,28029.499,33411.722,5661.819,2865.8589999999995,889.0497985464755,2862.491233458338,374.9388100763018,156.52015791888434,4282.999999999999,4283.0,0.03171836209225415,0.08567326261897958,0.06622232361654475,0.05461544267142395
254,Lennox,22950,9340.650000000001,11153.699999999999,1514.7,940.9499999999999,,,,,,,,,,
255,Historic South-Central,49728,19443.648,24565.632,3779.328,1939.392,,,,,,,,,,
256,South Park,30496,12228.896,14668.576,2104.224,1524.8000000000002,527.2256892310348,1708.172871919825,189.40652836478452,113.19491048435567,2538.0,2538.0,0.04311310597710822,0.11645117235100565,0.09001253115865256,0.07423590666602549
257,East Compton,13802,5769.236000000001,6252.3060000000005,1269.7839999999999,510.6740000000001,,,,,,,,,,
258,Cudahy,24208,10094.736,11426.176,1791.3920000000003,919.904,322.37458093550805,985.601345440876,119.44008889912682,50.5839847244892,1478.0,1478.0,0.031934919440737036,0.08625819744426097,0.06667445701394603,0.05498833000453221
259,Central-Alameda,40947,17033.952,19408.878,2702.502,1801.6680000000001,,,,,,,,,,
260,Florence-Firestone,60154,25144.372000000003,27610.686,4391.241999999999,2947.5460000000003,,,,,,,,,,
261,Bell Gardens,44054,18194.302,20793.487999999998,3304.0499999999997,1762.16,572.2190346743246,1766.3989616990207,216.9537567425486,95.42824688410586,2650.9999999999995,2651.0,0.03145045271175144,0.0849496227712744,0.0656629762692903,0.054154132930100476
262,Vernon,94,42.017999999999994,39.010000000000005,9.964,3.008,4.604873465448946,11.547629145629475,2.2798680147811226,0.5676293741404573,19.0,19.0,0.10959287604000538,0.2960171531819911,0.2288105193477642,0.1887065738498861
263,Watts,36815,16787.64,15462.300000000001,2650.6800000000003,1914.38,611.3858158675221,1521.0180225537877,201.54715646140343,120.04900511728692,2454.0000000000005,2454.0,0.036418806685604536,0.09836945490346116,0.07603601961059178,0.0627090781962238
