,Place,TotalPopulation,pop18OrLess,pop19To49,pop50To64,pop65AndUp,cityCase_18OrLess,cityCase_19To49,cityCase_50To64,cityCase_65AndUp,sumOfcityCase,Cases,rscore_18OrLess,rscore_19to49,rscore_50to65,rscore_65andUp
0,Rolling Hills,3218,820.59,984.708,759.4480000000001,656.472,2.387704662475172,6.868125808735938,4.023624111064781,2.72054541772411,16.0,16.0,0.002909741359844955,0.006974784208857792,0.0052980903380676235,0.0041441910968390274
1,Palos Verdes Estates,13340,3281.64,4175.42,3201.6,2681.34,22.746729899822498,69.37525453144606,40.407322817878814,26.47069275085261,158.99999999999997,159.0,0.006931512871558885,0.016615155967889712,0.01262097789164131,0.009872188066732533
2,Bel-Air,7691,1507.4360000000001,2822.5969999999998,1753.548,1607.4189999999999,,,,,,,,,,
3,Bradbury,1268,292.90799999999996,419.70799999999997,242.18800000000002,314.464,3.882554186831627,13.33551916600347,5.845260691831782,5.936665955333125,29.000000000000007,29.0,0.013255200222703468,0.031773326136274434,0.02413522012581871,0.018878682314456108
4,Century City,5513,678.099,2381.6160000000004,997.8530000000001,1455.432,14.912353629358254,125.5455193663006,39.956241490921286,45.58588551341986,226.0,226.0,0.0219914107370137,0.0527144255691516,0.04004221212034366,0.03132120601540976
5,Beverly Crest,10852,2094.436,4275.688,2626.1839999999997,1844.8400000000001,25.447828978460112,124.52772057747566,58.09968347143104,31.924766972633197,240.0,240.0,0.012150206059512017,0.02912460417539251,0.02212323411894637,0.01730489742884651
6,Rancho Palos Verdes,41301,9788.337,14661.855,9127.521,7723.287,63.544121151652774,228.15593627797386,107.89076616518606,71.40917640518725,471.0,471.0,0.006491819923205829,0.01556119169627403,0.011820379943818925,0.009245956599202807
7,Rancho Dominguez,2526,525.408,982.614,654.234,363.744,,,,,,,,,,
8,Pacific Palisades,23940,5697.719999999999,8785.98,5266.8,4165.5599999999995,34.63310906761383,128.01385501225244,58.29108998726522,36.0619459328685,257.0,257.0,0.0060784154131150415,0.01457024202334315,0.011067648284967193,0.00865716636727559
9,View Park-Windsor Hills,11066,2368.124,4271.476,2202.134,2224.266,,,,,,,,,,
10,Rolling Hills Estates,8334,2183.5080000000003,2858.5620000000004,1858.482,1441.7820000000002,11.465934343861996,35.9814505690216,17.76961401217325,10.783001074943156,76.0,76.0,0.0052511528896903486,0.01258725560929642,0.009561359223373296,0.00747894000267943
11,La Habra Heights,6094,1468.6540000000002,2224.31,1371.15,1029.886,9.551027072884278,34.67386758415077,16.236055364014682,9.53904997895028,70.00000000000001,70.0,0.006503252006860892,0.015588594927933054,0.011841195612452818,0.009262238712780133
12,Westlake Village,8663,2044.468,3153.332,1983.8269999999998,1490.0359999999998,7.731319138552891,28.583760859356918,13.65972801634853,8.025191985741667,58.0,58.0,0.003781579921306125,0.009064621441496461,0.00688554395940197,0.005385904760516973
13,Ladera Heights,6509,1425.4710000000002,2401.821,1451.507,1230.2009999999998,,,,,,,,,,
14,Encino,41905,7752.425,18102.96,7752.425,8255.285,128.23521041319398,717.7871769143663,233.4921373652308,194.4854753072088,1274.0,1274.0,0.016541302935945072,0.03965026586339286,0.030118593519476912,0.0235589050295912
15,Sierra Madre,10578,2083.866,4675.476000000001,2126.1780000000003,1692.48,16.076356833733673,86.4609630911437,29.866369961488154,18.596310113634477,151.0,151.0,0.00771467879111885,0.01849244078916108,0.014046975352716541,0.010987609965042115
16,Topanga,7425,1611.2250000000001,3385.8,1715.1750000000002,720.2249999999999,,,,,,,,,,
17,Malibu,12514,2615.4260000000004,5318.450000000001,2853.192,1714.418,18.648414580480463,90.89938562158284,37.042087085038744,17.410112712897952,164.0,164.0,0.00713016333877558,0.017091330297658684,0.012982682933724314,0.010155115446115213
18,Cheviot Hills,6945,1465.395,2916.9,1291.7700000000002,1263.99,17.66426267067229,84.28275778962615,28.352474922569655,21.7005046171319,152.0,152.0,0.012054267054734245,0.028894633957155247,0.021948547282077808,0.017168256566216428
19,San Marino,12973,3619.4670000000006,4812.983,2348.1130000000003,2192.437,22.627232761063876,72.12362373991164,26.72826619299297,19.520877306031494,141.0,141.0,0.006251537245971264,0.014985223039414772,0.011382870497711552,0.008903734659664791
20,San Pasqual,2082,366.43199999999996,1072.23,393.49799999999993,249.84,,,,,,,,,,
21,Angeles Crest,1175,204.45000000000002,601.6,242.05,125.725,,,,,,,,,,
22,Porter Ranch,24923,6280.5960000000005,10118.738000000001,5507.983,2990.7599999999998,110.41141351216346,426.3986794310218,176.30745429199303,74.88245276482179,788.0000000000001,788.0,0.01757976687437999,0.042139511807798735,0.032009440532404156,0.02503793442630696
23,Beverly Hills,33829,7036.432,14444.983,6326.023,5987.732999999999,124.17589206674978,611.0520662902405,203.2733909988464,150.49865064416326,1089.0,1089.0,0.017647565139086087,0.0423020273745037,0.032132888387988216,0.025134495917597408
24,La CaÃ±ada Flintridge,20381,6338.491,7153.731,4035.438,2853.34,,,,,,,,,,
25,Northwest Antelope Valley,3343,899.267,1303.77,628.484,508.13599999999997,,,,,,,,,,
26,Hollywood Hills West,14860,1634.6000000000001,8395.9,2734.24,2080.4,,,,,,,,,,
27,Leona Valley,1374,461.66399999999993,520.746,283.04400000000004,108.546,,,,,,,,,,
28,Hidden Hills,1875,631.875,630.0,425.62499999999994,187.5,6.151965698356237,14.702787153399242,7.545270840253543,2.599976307990981,31.000000000000004,31.0,0.009736048582957449,0.023337757386348003,0.017727508582093494,0.013866540309285231
29,West San Dimas,309,79.104,128.23499999999999,69.525,32.445,,,,,,,,,,
30,Southeast Antelope Valley,5271,1375.731,2124.2129999999997,1022.5739999999998,743.2109999999999,,,,,,,,,,
31,Chatsworth,35073,8277.228,15326.901000000002,6909.380999999999,4559.49,169.8295933779251,753.8053095127192,258.126483454949,133.2386136544067,1315.0,1315.0,0.02051768942186021,0.04918184762286382,0.03735884349914254,0.029222262501816365
32,Northwest Palmdale,3125,987.5,1090.625,675.0000000000001,368.75,,,,,,,,,,
33,Agua Dulce,3130,832.58,1433.54,672.95,190.93,,,,,,,,,,
34,Arcadia,52951,13078.896999999999,22610.077,8895.768,8313.307,125.41819677435889,519.7181243737023,155.32374481484743,113.53993403709143,914.0,914.0,0.009589355797691419,0.02298612801600376,0.017460408681391808,0.013657613514945547
35,Woodland Hills,59661,11991.861,27265.077,10798.641000000001,9605.421,189.26484840291883,1031.4934920144105,310.32549057559714,215.91616900707368,1747.0000000000002,1747.0,0.015782775367636333,0.03783204030615466,0.028737457850075497,0.02247857423501517
36,West Hollywood,35716,2035.8120000000004,22393.932,5250.2519999999995,6036.003999999999,27.448563280955703,723.7501903325502,128.89232818997982,115.90891819651414,995.9999999999999,996.0,0.013482857592427837,0.03231903134887389,0.024549741267653406,0.01920292269463608
37,Shadow Hills,13098,3130.422,5763.120000000001,2514.8160000000003,1702.74,17.51539888493111,77.29496342420475,25.620543111950703,13.569094578913417,133.99999999999997,134.0,0.005595219713166822,0.013411999650225007,0.010187840029628688,0.00796897622591436
38,Downtown,27849,3453.276,15316.95,4622.934,4455.84,94.73616675682905,1007.2405485544604,230.92299578515778,174.10028890355298,1507.0000000000002,1507.0,0.027433708384973877,0.06575986397778019,0.04995160990512903,0.03907238341223046
39,West Hills,38814,10091.640000000001,16340.693999999998,7180.59,5201.076,147.44645673582295,572.294374275251,191.02829212041007,108.23087686851578,1018.9999999999999,1019.0,0.014610752735514043,0.03502264801453666,0.026603425640568543,0.020809324237622325
40,Brentwood,31344,4419.504000000001,15891.408,5641.92,5391.168,41.736759265787306,359.73604811618344,97.01459807283484,72.5125945451944,571.0,571.0,0.009443765469108592,0.022637141285163875,0.017195316146424416,0.013450256891492606
41,Beverlywood,6080,1611.2,2547.5200000000004,918.0799999999999,1003.2,41.70166062729244,158.05123255113554,43.26626390076475,36.980842920807234,280.0,280.0,0.025882361362520135,0.06204121363174205,0.047126899508501165,0.03686288169936925
42,Culver City,38816,8384.256000000001,18398.784,6598.72,5395.424000000001,82.46455157909338,433.778757666977,118.17549875423147,75.58119199969812,710.0,710.0,0.00983564332709943,0.023576490580408848,0.017908851830996234,0.01400838784860988
43,West Los Angeles,12659,1670.988,6797.882999999999,1974.804,2202.6659999999997,57.84490475021953,564.0814955635312,124.47460287294564,108.5989968133036,855.0,855.0,0.03461718740662382,0.08297899442569566,0.06303137064384397,0.04930343357245429
44,Torrance,137933,32965.987,64000.912,21517.548,19448.553,298.3440659999624,1388.397657300944,354.57578542643165,250.68249127266193,2292.0,2292.0,0.009050057139195086,0.021693404264316485,0.01647844751764614,0.01288951888979411
45,Monterey Park,59933,13245.193000000001,26490.386,9409.481,10847.873000000001,186.2110583175343,892.7129861033701,240.86728591818866,217.20866966090693,1537.0,1537.0,0.014058765192589816,0.03369950842178631,0.025598360410971514,0.020023157503863374
46,Northeast Antelope Valley,4550,1255.8000000000002,1833.65,850.85,609.7,,,,,,,,,,
47,La Crescenta-Montrose,18507,5200.467000000001,8217.107999999998,2998.134,2072.7839999999997,,,,,,,,,,
48,Marina del Rey,8302,572.8380000000001,5288.374,1627.192,805.2939999999999,,,,,,,,,,
49,Calabasas,23130,6753.960000000001,10177.199999999999,4325.31,1873.53,76.4603129904572,276.1736786825897,89.1578933925163,30.208114934436836,472.00000000000006,472.0,0.011320812233187224,0.027136508930019034,0.020613064356662596,0.016123635561980237
50,Cerritos,51831,13424.229000000001,21665.358,11765.636999999999,4923.945,133.67978639582034,517.1525244149758,213.33239447836567,69.83529471083817,934.0,934.0,0.0099580978837459,0.023870019799117827,0.01813181848788686,0.014182793412769268
51,Playa del Rey,9755,1209.62,5677.41,1794.92,1073.05,,,,,,,,,,
52,Windsor Square,5642,1382.29,2663.024,902.72,699.608,,,,,,,,,,
53,Beverly Grove,21417,1799.028,12486.110999999999,2762.793,4369.067999999999,,,,,,,,,,
54,Temple City,33296,8423.888,14750.128,5527.136,4594.848,121.36017052656985,509.372824702105,144.98688418033677,94.28012059098849,870.0000000000001,870.0,0.014406669524401302,0.03453345114714292,0.026231828596281467,0.0205186592877476
55,Tarzana,35502,8058.954000000001,15940.398,6106.343999999999,5396.304,159.1406063123575,754.5323777242784,219.5576481134332,151.76936784993083,1285.0,1285.0,0.019747054805419845,0.047334600912993414,0.035955663178070744,0.02812468827737111
56,Leimert Park,11782,2992.628,4889.53,1814.4279999999999,2073.632,76.77740271687756,300.6936001478979,84.75891575684157,75.77008137838291,537.9999999999999,538.0,0.025655511716416994,0.061497444569907106,0.04671384907907152,0.03653979171732637
57,West Carson,21010,4958.36,9118.339999999998,3760.79,3151.5,,,,,,,,,,
58,Studio City,34034,4832.8279999999995,19093.073999999997,5581.575999999999,4492.488,33.5327131028355,317.5554703334068,70.5162435125492,44.395573051208444,465.9999999999999,466.0,0.006938528146012129,0.016631971904231182,0.012633751383578617,0.009882179552000683
59,Santa Monica,84084,12528.516,45825.780000000006,13705.692000000001,12024.012,126.0045666197616,1104.7726321307293,250.98778905683145,172.23501219267763,1654.0,1654.0,0.010057421534981606,0.024108103170982123,0.01831266812772616,0.014324254848770744
60,North El Monte,3703,925.75,1636.726,581.371,562.856,,,,,,,,,,
61,Hancock Park,9804,1931.3880000000001,4960.824,1607.8559999999998,1313.736,39.931713331960516,245.8547614748093,60.52858738721576,38.68493780601447,385.00000000000006,385.0,0.02067513794843942,0.04955925900108718,0.0376455275766087,0.02944650813102059
62,Hollywood Hills,21588,2158.8,13470.912,3410.904,2525.796,30.43780826799201,455.2755786857765,87.56598472731949,50.72062831891209,624.0000000000001,624.0,0.0140994109079081,0.03379693807559403,0.02567236859416726,0.02008104705166692
63,Glendale,195047,46226.138999999996,92257.231,29452.096999999998,27111.533000000003,890.8152148397139,4261.640480874058,1033.4303200279376,744.1139842582895,6929.999999999999,6930.0,0.01927081158215948,0.04619302394707747,0.03508851407178028,0.02744640018173408
64,Glendora,50177,14200.091000000002,21626.287,8028.320000000001,6322.302,303.91929991046106,1109.4953927086942,312.8648685786669,192.72043880217785,1919.0,1919.0,0.021402630441626113,0.051303092052218405,0.038970154226372004,0.030482637305553874
65,Tujunga Canyons,2474,729.8300000000002,1066.294,395.84000000000003,282.036,,,,,,,,,,
66,Toluca Lake,7782,1213.992,4599.161999999999,1190.646,785.982,14.778300147419687,134.20347262789525,26.39102677075594,13.627200453929142,189.0,189.0,0.012173309335992071,0.029179983794416303,0.02216530082892475,0.01733780220657616
67,La Verne,33117,9140.292000000001,14472.129,5398.071,4139.625,146.10870151815766,554.5297165580782,157.11569665444424,94.24588526931983,952.0,952.0,0.015985124054916148,0.038317079439941296,0.029105896653534982,0.022766768794110537
68,Lopez/Kagel Canyons,697,215.373,264.86,121.27799999999999,95.48899999999999,,,,,,,,,,
69,Acton,6522,2100.084,2850.114,1050.042,521.76,,,,,,,,,,
70,Ramona,4053,1090.257,1750.896,644.427,571.473,,,,,,,,,,
71,Sunland,15316,3951.5280000000002,7075.992000000001,2343.348,1960.448,116.68691050485042,500.86513213606116,125.99660352646168,82.45135383262672,826.0000000000001,826.0,0.02952956691812646,0.07078373352260164,0.05376777308639676,0.042057404140597825
72,South Pasadena,24303,5759.811,11981.378999999999,3718.359,2843.451,60.26830521309959,300.5134681404992,70.843014953344,42.3752116930573,474.00000000000006,474.0,0.01046359076940191,0.025081709554509477,0.019052225713908744,0.014902740259303679
73,Agoura Hills,20324,6544.328,8678.348,3820.912,1280.412,59.77794014943019,190.01563509265335,63.54887919942671,16.657545558489733,330.0,330.0,0.00913431297291795,0.02189536938281956,0.016631861503072227,0.01300952002831099
74,Altadena,42680,11694.320000000002,18864.56,6956.84,5164.28,,,,,,,,,,
75,Sherman Oaks,61166,10031.224,33641.3,9174.9,8257.41,174.54418176991294,1403.1387109850234,290.68174564900977,204.63536159605394,2073.0,2073.0,0.017400088141777407,0.04170881360069389,0.03168227944162986,0.024782027487560136
76,Playa Vista,2416,471.12,1212.832,352.736,379.312,22.31212956577946,137.68496462495938,30.417550626188472,25.58535518307269,216.0,216.0,0.04735975879983754,0.1135235256201678,0.08623319033551571,0.06745200569207589
77,Carthay,4866,793.158,2700.6299999999997,686.1059999999999,690.972,33.1453858447376,270.5234055838227,52.205896637541564,41.12531193389808,397.0,397.0,0.04178913387337403,0.10017048080774588,0.07609013277473389,0.05951805852320801
78,North Whittier,4351,1144.313,1936.195,839.743,435.1,,,,,,,,,,
79,Chinatown,9610,2248.7400000000002,4065.0299999999997,1374.2300000000002,1912.3899999999999,35.78397529070131,155.05632395727218,39.817476944823525,43.34222380720297,274.0,274.0,0.015912900242225116,0.03814395563065271,0.028974390709578104,0.022663904228323182
80,San Dimas,35064,9502.344000000001,15217.776,6101.1359999999995,4207.68,165.54803204954217,635.5077475176506,193.5392045636646,104.4050158691425,1098.9999999999998,1099.0,0.017421810034402265,0.04176088197892061,0.03172183091208992,0.02481296483314855
81,Manhattan Beach,34039,7828.969999999999,16815.266,5888.747,3471.9779999999996,71.16889508649095,366.40865580449145,97.47056026199157,44.951888847026,579.9999999999999,580.0,0.009090454438641475,0.021790238453824724,0.016552003382381948,0.012947054631978084
82,Granada Hills,50535,12785.355,22942.89,8489.880000000001,6367.41,329.2333152503465,1416.1703428070966,398.0682207835873,233.52812115896936,2377.0,2377.0,0.02575081530785391,0.0617258916730672,0.046887378948063725,0.03667552759426036
83,Green Valley,754,230.72399999999996,334.77599999999995,123.65599999999998,65.598,,,,,,,,,,
84,Valley Village,24190,4426.7699999999995,13231.929999999998,3434.9799999999996,3072.13,74.19869761163494,531.6292985233597,104.83311942169117,73.33888444331416,784.0,784.0,0.01676136271178194,0.04017775929311595,0.030519280875490155,0.02387232455765679
85,Walnut,30004,8851.18,13831.844,5190.692,2160.2880000000005,96.24587255483739,360.5266821723475,102.77113981036982,33.45630546244538,593.0,593.0,0.010873789998038385,0.026064976019997587,0.01979912115963918,0.01548696537797061
86,Baldwin Hills/Crenshaw,30123,8283.825,12802.275,4578.696,4488.327,,,,,,,,,,
87,Redondo Beach,63261,12272.634,36248.553,9489.15,5187.401999999999,102.18259988183532,723.4461817561107,143.85714914186198,61.5140692201923,1031.0000000000005,1031.0,0.00832605289800342,0.019957932714062012,0.015160172317000151,0.011858357848532331
88,San Gabriel,39306,9590.664,18984.798,5502.84,5267.004,148.972469112179,706.8702577885061,155.63569063959534,116.5215824597195,1128.0,1128.0,0.01553307144449842,0.037233488488447763,0.028282794091704526,0.02212293411201501
89,Gramercy Park,10047,2973.912,3958.518,1687.8960000000002,1436.7210000000002,,,,,,,,,,
90,Claremont,35397,8176.706999999999,16070.238000000001,5946.696000000001,5238.756,99.39846491653334,468.273885207562,131.62608105074767,90.70156882515695,790.0,790.0,0.01215629530525349,0.029139200378212316,0.022134321487217046,0.017313570020279043
91,Burbank,100316,23373.628,49756.736,14144.555999999999,12940.764000000001,382.95429616753,1954.1103717530111,421.9637172755705,301.9716148038879,3060.9999999999995,3061.0,0.016384033157690797,0.03927328295314651,0.029832234909004607,0.02333491398219517
92,East Pasadena,6045,1589.835,2659.8,1003.47,797.94,,,,,,,,,,
93,El Segundo,15970,3705.04,8304.4,2443.41,1517.15,27.462126806889923,147.54548192956327,32.97635016112796,16.01604110241881,223.99999999999994,224.0,0.007412099952197527,0.01776714536023834,0.013496036343113912,0.0105566628892455
94,Diamond Bar,56784,16126.656,26461.344,10050.768,4088.4480000000003,166.1207197648051,653.382907493059,188.5140406966774,59.98233204545864,1068.0000000000002,1068.0,0.010301002251477622,0.02469197738002495,0.01875618268143065,0.014671174011619723
95,Pico-Robertson,18019,3261.439,9477.994,2342.4700000000003,2919.078,,,,,,,,,,
96,East San Gabriel,22171,5542.75,10486.883,3347.821,2793.546,,,,,,,,,,
97,Tujunga,26527,7135.763000000001,12892.122,3872.9419999999996,2626.1730000000002,140.8711034806827,610.0736873719898,139.21545920997136,73.8397499373562,964.0,964.0,0.019741561411258008,0.04732143299388493,0.035945660743169246,0.02811686432590549
98,Hacienda Heights,53525,14344.7,23551.0,9259.825,6315.950000000001,,,,,,,,,,
99,Rancho Park,4295,824.64,2233.4,691.495,541.17,14.0654205393689,91.31270848617777,21.47545336114568,13.146417613307671,140.00000000000003,140.0,0.017056437402222666,0.040885066932111476,0.03105655624573667,0.02429258387070176
100,Los Feliz,35238,5426.652,20191.374,4933.320000000001,4651.416,31.49681174246174,280.916264117519,52.13614086916123,38.45078327085796,402.99999999999994,403.0,0.005804096474670154,0.013912686878937462,0.010568165225276533,0.008266468376696035
101,Del Rey,28010,6386.28,14117.04,4173.49,3333.19,86.85609863099084,460.2273201188145,103.35148266597977,64.56509858421495,715.0000000000001,715.0,0.013600421314284818,0.03260083701107416,0.02476380263663739,0.01937036250085202
102,Rowland Heights,47524,13259.196000000002,22241.232,7936.507999999999,4087.064,,,,,,,,,,
103,Westchester,41500,9130.000000000002,21704.5,5892.999999999999,4772.5,92.9430981814922,529.6299568518237,109.23147061524634,69.19547435143771,801.0,801.0,0.010179966942113055,0.024401850162492744,0.018535800206218624,0.014498789806482495
104,La Mirada,46782,13192.524000000001,20396.952,6876.954,6315.570000000001,232.4429744565653,861.4502344842716,220.6224091153278,158.4843819438352,1473.0,1473.0,0.017619295174794852,0.04223426296655851,0.0320814141137672,0.02509423249901991
105,Lakewood,79412,23029.48,36291.284,10879.444,9211.792,352.6499036780461,1332.1046983896774,303.34113732794935,200.90426060432702,2189.0,2189.0,0.015312977265576387,0.03670591259294318,0.027882044094160452,0.02180946558545037
106,Lake Balboa,24238,6253.404,12094.762,3223.654,2666.18,266.3596084446937,1234.8823853888186,250.0145447377599,161.74346142872758,1913.0,1913.0,0.042594338770483034,0.10210059407442813,0.0775562590581247,0.06066486937443368
107,Unincorporated Catalina Island,139,41.422000000000004,67.554,26.270999999999997,3.7530000000000006,,,,,,,,,,
108,South San Gabriel,8100,2195.1000000000004,3645.0,1206.8999999999999,1053.0,,,,,,,,,,
109,Venice,37705,5354.11,23527.92,5618.045,3242.6299999999997,42.07836238940233,443.23236292812516,80.39364606479562,36.29562861767681,601.9999999999999,602.0,0.007859076931441888,0.018838569789769992,0.014309897137668996,0.011193268617658141
110,Eagle Rock,32493,7993.278,15759.105,4743.978,3996.6390000000006,157.47504941270208,744.2087521094977,170.17449633950795,112.14170213829247,1184.0000000000002,1184.0,0.019700934887126667,0.04722404934223725,0.03587168750350612,0.028059002111096965
111,East La Mirada,9442,2700.4120000000003,4230.0160000000005,1359.6480000000001,1151.924,,,,,,,,,,
112,Mar Vista,35492,7027.416,19201.172,5110.848000000001,4152.563999999999,63.610796359500654,416.61921458519396,84.23510206469548,53.53488699061003,618.0000000000002,618.0,0.009051804583576758,0.0216975929690747,0.016481629284356623,0.012892007682629344
113,Unincorporated Santa Monica Mountains,8929,2134.031,4527.003,1517.93,750.0360000000001,,,,,,,,,,
114,Lomita,19984,5255.792,9772.176,2697.84,2238.2079999999996,52.30046459911999,233.09612069137594,48.88195183591966,31.721462873584397,366.0,366.0,0.00995101491823116,0.023853041604180683,0.0181189217432908,0.014172705518693705
115,Littlerock,1388,464.98,581.572,216.528,123.53200000000001,,,,,,,,,,
116,Quartz Hill,9351,3011.0219999999995,4151.844,1383.948,804.1859999999999,,,,,,,,,,
117,Alhambra,85961,20544.679,42722.617,11432.813,11346.852,279.27216763240875,1392.074672770961,282.9738918496967,219.67926774693345,2174.0,2174.0,0.01359340623586325,0.03258402154462965,0.0247510295016368,0.019360371294781447
118,Silver Lake,30972,6163.428,17313.347999999998,4212.192,3314.004,,,,,,,,,,
119,Unincorporated Santa Susana Mountains,4525,1230.8000000000002,2398.25,624.45,271.5,,,,,,,,,,
120,Ridge Route,1951,602.8589999999999,1008.667,241.924,97.55000000000001,,,,,,,,,,
121,Pasadena,134941,32250.898999999998,67470.5,18891.74,16192.92,,,,,,,,,,
122,Atwater Village,14888,3692.224,7190.9039999999995,2262.976,1741.896,60.75362739094462,283.6247013261155,67.7999060912636,40.82176519167631,453.00000000000006,453.0,0.01645448038660293,0.03944214820919811,0.02996050602890335,0.02343524825344126
123,San Pedro,80065,21777.68,37390.354999999996,11849.62,9127.41,412.7891875405948,1698.8407814752873,408.9649571046881,246.40507387942978,2767.0,2767.0,0.018954690653026164,0.045435267503485526,0.03451291746947903,0.02699616582134798
124,Mid-Wilshire,41683,7461.257,23800.993,5252.058,5168.692,,,,,,,,,,
125,Castaic Canyons,7757,2474.483,3661.304,1171.307,442.149,,,,,,,,,,
126,Mission Hills,18237,5398.152,8024.28,2279.625,2534.943,262.9597144544238,936.9719145871876,202.19596907396513,175.87240188442325,1577.9999999999998,1578.0,0.048712914059186145,0.11676710117134342,0.08869703090375176,0.06937923333361865
127,Duarte,21486,6402.828000000001,9389.382,3093.9840000000004,2578.3199999999997,150.12124608935395,527.6959024298844,132.08495744049372,86.09789404026786,896.0,896.0,0.02344608446288951,0.05620134556564899,0.04269089867319731,0.033393021052572164
128,Larchmont,8631,1950.6059999999998,4755.681,1199.709,716.373,,,,,,,,,,
129,Manchester Square,11594,3628.922,4683.976000000001,1762.288,1518.814,59.02118649798948,182.60865249952138,52.188180786772136,35.181980215717,329.0,329.0,0.016264109974805048,0.03898582155406462,0.029613877406401302,0.023164113720124384
130,Gardena,57818,15553.041999999998,26943.188,8036.702000000001,7285.068,294.94909657909204,1224.7772062401232,277.5073961468491,196.76630103393575,1994.0,1994.0,0.018964077675550035,0.04545776862931451,0.03453000946742197,0.027009535262256405
131,Del Aire,9039,2720.7389999999996,4429.11,1111.797,768.315,,,,,,,,,,
132,Monrovia,36817,10713.747,17377.624,4749.393,3939.419,198.10741707734212,770.2401154401822,159.9051418323823,103.74732565009339,1232.0,1232.0,0.01849095531911871,0.044323672525092166,0.033668542871137914,0.026335692052582727
133,Artesia,16380,4684.68,7387.38,2194.92,2096.64,108.12551921163436,408.7098486794943,92.24268652639988,68.92194558247141,678.0,678.0,0.02308066275853086,0.055325412890563946,0.04202553465565938,0.03287257019920988
134,Hasley Canyon,423,130.284,233.073,45.684000000000005,14.382000000000001,,,,,,,,,,
135,Covina,50954,14929.521999999999,23693.609999999997,6776.8820000000005,5553.986,374.1557007490178,1423.3578062448703,309.2440548738135,198.2424381322983,2305.0,2305.0,0.025061465514369302,0.06007348843189664,0.04563220296204265,0.03569372305445104
136,Carson,89549,26775.151000000005,38953.815,14417.389000000001,9402.645,507.5460000814119,1769.9861435537493,497.61684013085596,253.85101623398253,3029.0,3029.0,0.018955859486335363,0.04543806925082304,0.0345150456945329,0.026997830528961004
137,Desert View Highlands,2287,807.3109999999999,1074.8899999999999,256.14399999999995,146.368,,,,,,,,,,
138,Elizabeth Lake,1379,512.9879999999999,612.276,180.649,73.087,,,,,,,,,,
139,Fairfax,12490,2110.81,7381.589999999999,1224.02,1773.58,,,,,,,,,,
140,Hermosa Beach,18442,2139.272,12522.118,2544.996,1254.056,21.850011992637178,306.5771997397702,47.33013560720655,18.24265266038611,394.00000000000006,394.0,0.01021376056557426,0.024482855036166422,0.018597332022214003,0.014546920281379865
141,Industry,1008,284.256,487.87199999999996,55.44,180.432,8.943638044282052,36.79483471206892,3.176089761367487,8.085437482281543,57.0,57.0,0.03146332195022111,0.07541903350073159,0.057288776359442406,0.04481154940521384
142,Lake Hughes,571,210.69899999999998,253.52399999999997,75.372,31.405,,,,,,,,,,
143,Mount Washington,12728,3487.472,6173.08,1871.0159999999998,1209.16,,,,,,,,,,
144,Signal Hill,9273,2531.5289999999995,4803.414,1131.306,806.751,62.94181894270738,286.2745827829485,51.21550329795266,28.568094976391436,428.99999999999994,429.0,0.024863163306723876,0.0595981488963784,0.04527113203496901,0.035411291682801056
145,Sun Village,9375,3337.5,4031.2500000000005,1303.1250000000002,703.125,,,,,,,,,,
146,Whittier,83838,25151.400000000005,38397.804,9809.046,10479.75,696.624166212829,2549.2894453170456,494.68428635340064,413.4021021167248,4154.0,4154.0,0.02769723221024789,0.0663915427381484,0.05043143709932654,0.03944770649268588
147,Rosemead,53280,15504.48,25254.719999999998,6873.12,5594.4,250.0990142077164,976.503312748516,201.87087858205106,128.52679446171683,1557.0000000000005,1557.0,0.016130757962067508,0.03866617063061939,0.029371068536858235,0.02297418748421937
148,Sawtelle,35844,4444.656,23477.82,4122.06,3799.464,,,,,,,,,,
149,West Covina,104893,31048.327999999998,48145.886999999995,14475.234,11223.551,792.0037819098213,2943.9106062234277,672.3255296668946,407.7600821998555,4816.0,4816.0,0.025508741788279915,0.061145630284543895,0.04644660871574819,0.036330755052465614
150,Northridge,57561,13929.761999999999,28780.5,8058.540000000001,6849.759000000001,349.84410765607635,1732.629044421327,368.51248425046697,245.01436367212926,2695.9999999999995,2696.0,0.025114866115880256,0.060201492136040965,0.04572943538785772,0.03576977871369332
151,Valley Glen,59230,17354.39,29259.62,6989.14,5626.85,209.09100682788772,845.0279440592886,153.32561408248793,96.55543503033563,1304.0,1304.0,0.012048306326404312,0.02888034581649689,0.02193769391977953,0.017159767015352396
152,Charter Oak,9046,2777.122,4296.849999999999,1203.1180000000002,768.9100000000001,,,,,,,,,,
153,Santa Fe Springs,17834,5546.374000000001,7936.129999999999,2175.748,2175.748,169.0386379256399,579.7783512786582,120.73978500560126,94.44322579010063,964.0,964.0,0.03047732409059322,0.07305555116645748,0.05549346018270556,0.04340724467635987
154,Mayflower Village,11649,3657.786,5323.593,1502.721,1164.9,,,,,,,,,,
155,Winnetka,46943,13425.698000000002,23893.987,5586.217000000001,4037.0979999999995,372.91039551299764,1590.8624379791756,282.5207759793849,159.70639052844155,2406.0,2406.0,0.027775866514575077,0.06658003279147912,0.050574615339752264,0.03955970118348417
156,Santa Clarita,157447,49438.35799999999,77306.477,19995.769,10706.396,1225.4178887209898,4593.169245945061,902.4502315671167,377.96263376683214,7099.000000000001,7099.0,0.024786783750402674,0.059415063577985344,0.04513205926549345,0.03530250831062405
157,Reseda,62174,17906.112,30465.26,7709.576,6155.226000000001,664.058180098331,2708.233534937393,520.5953686479572,325.11291631631883,4218.0,4218.0,0.037085559394375,0.08889579589793073,0.06752581058257383,0.052819005559880144
158,Stevenson Ranch,8609,2780.707,4640.251,878.1179999999999,301.31500000000005,,,,,,,,,,
159,Alondra Park,8604,2581.2,4267.584,1015.272,739.944,,,,,,,,,,
160,Palms,42545,7317.74,28079.699999999997,4382.135,2765.425,74.49327930343344,685.1867719010061,81.22520997400675,40.09473882155379,881.0,881.0,0.010179820450498847,0.024401499015338703,0.01853553347261249,0.01449858116620548
161,Mid-City,52197,15659.099999999999,25628.727,6524.625,4332.351000000001,,,,,,,,,,
162,East Hollywood,73967,21302.496000000003,38462.840000000004,7618.601000000001,6583.063000000001,171.20180457724177,740.9613967774374,111.48541298588425,75.35138565943654,1099.0,1099.0,0.008036701641781403,0.01926434441079851,0.01463331824122096,0.01144625012086874
163,Montecito Heights,16768,4913.023999999999,7914.495999999999,2313.9840000000004,1592.96,,,,,,,,,,
164,Montebello,61960,18649.96,27881.999999999996,7683.04,7745.0,648.5867664354192,2324.290942128091,486.5060492865791,383.61624214991076,3843.0,3843.0,0.03477684490666035,0.08336170081515283,0.06332207684543867,0.049530825326005265
165,Chesterfield Square,6062,2121.7,2582.4120000000003,721.378,636.51,,,,,,,,,,
166,Arlington Heights,22096,6672.992,10915.423999999999,2607.328,1900.2559999999999,,,,,,,,,,
167,Jefferson Park,23130,7378.469999999998,10662.93,2590.56,2498.0400000000004,78.5957771814634,272.26125584799155,50.24484656089546,37.89812040964961,439.0,439.0,0.010652042656738242,0.025533437418044716,0.019395361065134745,0.015171142339453972
168,Lake View Terrace,11803,3883.1870000000004,5417.576999999999,1569.799,920.634,,,,,,,,,,
169,Lancaster,120783,41066.219999999994,55077.048,13769.262,10749.687000000002,1414.3393054402732,4546.9054649416685,863.4645599974541,527.2906696206052,7352.000000000001,7352.0,0.034440455085475934,0.08255535890270786,0.06270957441273571,0.04905172305208562
170,Downey,107323,32948.16100000001,49368.579999999994,13093.405999999999,12020.176,1170.0406416087774,4202.3942336309665,846.6177595412807,607.9473652189755,6827.0,6827.0,0.03551156137693928,0.08512285007247458,0.06465985699529067,0.05057724322996398
171,Hollywood,77818,15797.054000000002,47002.072,8093.072000000001,6925.802000000001,221.27385103031727,1578.1467431612823,206.4107765160238,138.16862929237695,2144.0000000000005,2144.0,0.014007285854078694,0.03357611007364276,0.0255046262427943,0.019949838198143253
172,Avalon,3181,1005.196,1450.5359999999998,413.53000000000003,311.738,0.8849880992632067,3.0611991144705524,0.6629162611238637,0.3908965251423769,5.0,5.0,0.0008804134708685735,0.002110391685880635,0.001603066914429095,0.0012539264547228022
173,Pico Rivera,63151,20524.075,27912.742000000002,7578.12,7136.063,776.0504599522453,2529.9110816332573,521.738418780235,384.3000396342629,4212.0,4212.0,0.03781171428930392,0.09063642266436085,0.06884800171813524,0.0538532296637884
174,Castaic,16843,3604.402,11604.827000000001,1246.382,370.54600000000005,,,,,,,,,,
175,Long Beach,462731,141595.686,226275.459,53214.065,41645.79,,,,,,,,,,
176,Hyde Park,36635,11796.470000000001,16082.765,5018.994999999999,3773.405,223.70560064605138,731.0749345235724,173.30317709683058,101.91628773354566,1230.0,1230.0,0.0189637748111131,0.045457042649293976,0.034529458008392244,0.02700910390841843
177,Elysian Valley,7387,2289.97,3479.2769999999996,982.471,635.2819999999999,73.21771331378548,266.6562472349445,57.19671417252923,28.929325278740688,425.99999999999994,426.0,0.03197321943684218,0.07664128128773436,0.05821720353326381,0.04553776949250993
178,Elysian Park,2530,829.84,1135.97,336.49,230.23,33.98106122141482,111.50281284099897,25.088789451341654,13.427336486244545,184.0,184.0,0.04094893138606818,0.09815647670360922,0.07456028247894932,0.05832140245078637
179,Harbor City,23561,7351.032,11733.378,2638.832,1837.758,139.99936402751956,535.6451783257501,91.5070307407658,49.848426905964565,816.9999999999999,817.0,0.01904485846715394,0.045651403911622895,0.034677096056424134,0.027124587081631294
180,Koreatown,115070,29918.2,65359.76000000001,12542.63,7134.34,247.9701809466626,1298.5265538122237,189.28560209014498,84.21766315096885,1820.0,1820.0,0.008288272053354232,0.019867370287348415,0.015091380523075702,0.011804548584868235
181,Glassell Park,23467,7392.1050000000005,11240.693,2909.908,1900.827,202.16371416381247,736.8932117794709,144.90364534782643,74.03942870889014,1158.0,1158.0,0.027348598831295343,0.06555585245317802,0.0497966414566462,0.03895116636542418
182,Echo Park,40455,11893.770000000002,20632.05,4652.325,3276.855,74.72746010494325,310.7273315230775,53.22255301500957,29.322655356969683,468.0,468.0,0.006282907783229643,0.015060419663730822,0.011439990330643187,0.008948414060728865
183,Harvard Heights,18587,5669.035,9349.261,2100.331,1486.96,137.6361562160797,544.0979248922138,92.84876074766849,51.417158144038005,826.0,826.0,0.024278586428921275,0.05819689116521763,0.044206727771798106,0.03457870967883333
184,Avocado Heights,17415,5642.459999999999,7906.409999999999,2229.12,1619.5950000000003,,,,,,,,,,
185,North Hollywood,77848,22809.464000000004,42271.46399999999,7551.255999999999,5215.816000000001,1136.438082241748,5048.407185024283,685.0383176052746,370.11641512869454,7240.0,7240.0,0.04982309458222024,0.11942825507591323,0.09071846029392656,0.07096040487791258
186,Vincent,15032,4975.592,7275.487999999999,1638.488,1142.432,,,,,,,,,,
187,Canoga Park,53227,16074.554,27997.402000000002,5056.5650000000005,4098.479,573.5657106680736,2394.629727669225,328.5222695175038,208.28229214519794,3505.0000000000005,3505.0,0.03568159406899088,0.08553042627559602,0.06496945446513666,0.05081941182209252
188,Val Verde,1888,677.7919999999999,919.456,185.024,103.84,,,,,,,,,,
189,Bellflower,72829,24252.057,34156.801,8448.163999999999,5971.977999999999,698.0025297041078,2356.4704285883117,442.7267102088873,244.8003314986929,3742.0,3742.0,0.02878116811716663,0.0689897870877402,0.05240507999239685,0.04099149921494904
190,West Whittier-Los Nietos,25880,8799.2,11335.44,3027.96,2691.5200000000004,,,,,,,,,,
191,Inglewood,112482,37906.433999999994,52866.53999999999,13722.804,7873.740000000001,876.7351517380864,2930.9793919839153,577.9141407881096,259.3713154898891,4645.0,4645.0,0.023128927182601417,0.05544110494055249,0.042113415070863774,0.03294131067191565
192,Arleta,31068,10221.372000000001,14633.027999999998,3666.0240000000003,2516.5080000000003,483.8699322415454,1660.4661759141716,315.9946407734694,169.66925107081389,2630.0000000000005,2630.0,0.04733903944025766,0.11347386035987711,0.08619546428868698,0.0674224962014084
193,Norwalk,103223,34889.374,47069.688,11973.867999999999,9393.293,1085.0344766299347,3508.8763856844234,678.0313876862064,416.0577499994362,5688.000000000001,5688.0,0.031099281879632883,0.07454641266550191,0.05662592803647129,0.04429306633993385
194,El Sereno,40954,13228.142,19125.518,4668.756,3890.63,399.65741832161564,1385.092013794687,256.8355754025177,167.41499248117972,2209.0,2209.0,0.030212664660056995,0.07242115030791256,0.05501156526546208,0.0430303042132456
195,South Whittier,55285,19128.61,25707.524999999998,6081.35,4367.515,,,,,,,,,,
196,Sun Valley,75848,25636.623999999996,36558.736,8115.736,5461.0560000000005,588.1383087865594,2010.4172162901543,339.0092261680364,178.43524875524966,3116.0,3116.0,0.022941332243534073,0.05499143122153224,0.04177184006084431,0.0326741290979711
197,Lawndale,31729,10502.298999999999,16372.164,3236.3579999999997,1586.45,204.42501503788466,763.8923038553363,114.70205222894603,43.9806288778332,1127.0000000000002,1127.0,0.01946478718972719,0.04665799242270822,0.03544170707596194,0.027722669405170788
198,West Puente Valley,23866,8138.306,10882.895999999999,2577.5280000000002,2291.136,,,,,,,,,,
199,Van Nuys,103770,32791.32,54583.020000000004,9443.07,6952.59,954.2076834222225,3807.307541908785,500.33650537175674,288.1482692972349,5550.0,5550.0,0.029099398359755647,0.06975259965294674,0.0529845172567562,0.041444737759199796
200,Valinda,21568,7484.096,9878.144,2674.432,1531.328,,,,,,,,,,
201,North Hills,53095,18052.300000000003,25644.885,5203.31,4194.505,636.0049119390533,2165.73378667731,333.78944571793676,210.47185566569968,3346.0,3346.0,0.03523123989403307,0.08445090655221539,0.06414944443401156,0.05017799613201073
202,Highland Park,57566,18824.082000000002,27804.378,6504.9580000000005,4375.016,361.58253267278263,1280.2158767711953,227.5113697595388,119.69022079648305,1989.0,1989.0,0.01920850815847395,0.04604367976766807,0.03497507128555462,0.027357664702593786
203,Sylmar,69499,23907.656,32456.033,7853.387000000001,5281.924,1155.0436908819472,3758.6616997767137,690.8494005376483,363.4452088036899,5967.999999999999,5968.0,0.04831271166365901,0.11580779757577625,0.08796833780605084,0.06880924617690257
204,West Adams,21764,7595.6359999999995,9967.912,2306.984,1871.704,276.8492146082928,870.882843933967,153.1047645810462,97.16317687669397,1398.0000000000002,1398.0,0.03644845732579771,0.08736863286252597,0.0663657678514659,0.0519116146979939
205,Harvard Park,10297,3737.8109999999997,4448.304,1184.155,926.73,516.6599075649173,1473.8669218389857,298.03066316179036,182.4425074343067,2471.0,2471.0,0.1382252627446699,0.33133232841977206,0.25168213887691254,0.1968669487707387
206,Palmdale,117432,46150.776000000005,52844.399999999994,11743.2,6811.056,1995.8289333972182,5477.9702081725045,924.6890947307932,419.51176369948445,8818.0,8818.0,0.04324583693667942,0.10366226521963548,0.07874251436838282,0.06159276383860072
207,West Compton,5444,1997.9479999999999,2319.1440000000002,544.4,582.508,,,,,,,,,,
208,Irwindale,1472,471.0400000000001,680.0640000000001,151.616,169.28,18.52968612387663,64.12633927217223,10.859761341934032,9.484213262017105,103.0,103.0,0.03933781870727884,0.09429456532351695,0.07162675009190343,0.05602677966692524
209,Westwood,47916,5941.584,31624.56,4647.852,5749.92,52.71382789969678,672.5478568249367,75.08264705965965,72.65566821570671,872.9999999999998,873.0,0.008872015930380986,0.021266631277239482,0.0161542680489094,0.012635944189781199
210,Lake Los Angeles,11141,4768.348,4467.541,1281.2150000000001,623.896,,,,,,,,,,
211,Lincoln Heights,26616,9049.44,12136.896,2714.832,2714.832,337.48495438927966,1084.9675021727005,184.3489391292472,144.19860430877287,1751.0000000000002,1751.0,0.03729346284292505,0.0893941500506143,0.06790436355886745,0.05311511147237578
212,Westlake,103839,30944.021999999997,55969.221000000005,8930.153999999999,7891.764,530.3410394238359,2299.344926070849,278.6778135988093,192.63622090650563,3300.9999999999995,3301.0,0.01713872357716899,0.04108231068770546,0.0312063838539413,0.024409779728145144
213,Cypress Park,9764,3183.0640000000003,4637.9,1122.8600000000001,820.176,,,,,,,,,,
214,Harbor Gateway,39688,13295.479999999998,19486.808,4048.176,2897.2239999999997,298.9938422785141,1050.4498360960752,165.7610850325196,92.79523659289114,1607.9999999999998,1608.0,0.022488382689343608,0.053905690254457024,0.04094710433353678,0.032029016946184055
215,Commerce,12583,4404.049999999999,5561.686,1333.798,1296.0490000000002,197.49052306787976,597.82885557195,108.90530933281543,82.77531202735477,987.0,987.0,0.04484293390580938,0.10749058029740444,0.0816505267910249,0.06386742478668227
216,Pico-Union,42324,13839.947999999999,21415.944,4147.752,3005.004,,,,,,,,,,
217,Hawthorne,86265,28208.654999999995,44253.945,8626.5,5175.9,599.6067474530762,2254.823290996183,333.8748690160357,156.69509253470466,3344.999999999999,3345.0,0.0212561267970088,0.050951916060730476,0.038703398715126146,0.03027397989426084
218,Athens,9101,3276.3599999999997,3931.6319999999996,1237.736,664.3729999999999,,,,,,,,,,
219,Azusa,44384,14868.639999999998,22280.768,4127.712,3106.88,453.19115688483834,1627.8587765276498,229.07861057851477,134.8714560089974,2445.0,2445.0,0.03047966437312615,0.07306116093160028,0.05549772139590038,0.04341057781729497
220,Exposition Park,31062,11058.072,14816.574,2981.952,2174.34,444.5268250201784,1427.7190129526618,218.26504064590407,124.4891213812555,2215.0,2215.0,0.040199306445117954,0.09635959115465301,0.07319535681523513,0.057253751198642115
221,Citrus,11964,4211.3279999999995,5766.648,1304.076,681.948,,,,,,,,,,
222,El Monte,116249,41500.893,55334.524000000005,11857.398,7672.434,1392.4814549525242,4450.456340512548,724.4131870995498,366.6490174353774,6934.0,6934.0,0.03355304800194358,0.08042820320479395,0.06109377344840325,0.04778783596383852
223,San Fernando,23534,8401.637999999999,11202.184,2329.866,1600.3120000000001,381.5153062206609,1219.3463744407395,192.63886764838884,103.49945169021093,1897.0000000000002,1897.0,0.04540963395717132,0.10884898645127947,0.08268238072420854,0.06467454576995668
224,Adams-Normandie,17596,5736.295999999999,8833.192000000001,1601.2359999999999,1442.8719999999998,,,,,,,,,,
225,South San Jose Hills,20257,7353.291,9378.991,2289.041,1235.677,,,,,,,,,,
226,Pomona,150269,54547.647,71678.313,14125.286,10068.023000000001,1975.3410245812825,6222.003137413295,931.3829510305828,519.272886974839,9647.999999999998,9648.0,0.03621312986390197,0.08680454208532078,0.06593728091810551,0.05157645021021892
227,La Puente,41009,14517.186,19356.248,3977.8729999999996,3157.6929999999998,509.1134628204567,1627.157927734737,254.0083688957802,157.7202405490261,2548.0,2548.0,0.03506970722979348,0.08406370530769895,0.06385532391199523,0.04994793368102159
228,Vermont Square,45284,16256.956,20830.64,4347.264,3803.856,107.94066619655999,331.53155116244864,52.55655020582842,35.97123243516296,528.0,528.0,0.0066396603519478055,0.015915572020948402,0.0120895694868838,0.009456517921594024
229,Baldwin Park,75753,27725.597999999998,35528.157,7878.312000000001,4620.933,1014.8375461524723,3117.2000332464127,525.0658251429336,240.8965954581808,4897.999999999999,4898.0,0.03660290920154265,0.08773886113052283,0.06664699559282922,0.05213159235552232
230,Panorama City,65766,23807.291999999998,32422.638,5392.811999999999,4077.492,1037.2157449468618,3385.9757065213907,427.7985956135074,253.0099529182396,5103.999999999999,5104.0,0.04356714509768108,0.10443245569720117,0.07932755594178093,0.062050386099651356
231,East Los Angeles,125897,45448.816999999995,58290.311,11582.524,10449.451000000001,,,,,,,,,,
232,Westmont,31467,12460.932,13751.079,3304.035,1982.421,,,,,,,,,,
233,South El Monte,20935,7348.1849999999995,10027.865000000002,2093.5,1486.3849999999998,262.89733589301255,859.9851864730018,136.37791315364487,75.73956448034073,1335.0,1335.0,0.035777179792426644,0.08575954966216653,0.06514349804329825,0.050955549524746784
234,Boyle Heights,92756,33948.695999999996,42946.028,8811.82,7142.2119999999995,1387.634146864931,4207.763018910562,655.8166980369856,415.78613618752166,6667.0,6667.0,0.04087444616031588,0.09797793218293814,0.0744246589282334,0.05821531707369113
235,Willowbrook,34336,13356.704,14661.472,3364.9280000000003,2952.8959999999997,,,,,,,,,,
236,Vermont-Slauson,26797,10290.048,11924.665,2626.106,1956.1809999999998,,,,,,,,,,
237,Walnut Park,16180,5663.0,7750.219999999999,1618.0,1148.78,,,,,,,,,,
238,Compton,94384,37847.984000000004,41057.04,8588.944,6890.031999999999,1476.7953140350974,3840.0915500183814,610.2141825677728,382.898953378748,6309.999999999999,6310.0,0.039019127519053516,0.09353064785036577,0.07104647353245903,0.055572884622124834
239,Bell,36667,13493.456,18040.164,3263.3630000000003,1870.0169999999998,511.5139363352817,1639.2724614657784,225.249912312436,100.96368988650381,2477.0,2477.0,0.03790829690594327,0.09086793564990753,0.06902386045084043,0.053990787188835085
240,Paramount,55319,21297.815,26331.844,4812.753,2821.269,820.8174281906579,2432.591476432228,337.7303298424892,154.86076553462476,3745.999999999999,3746.0,0.03853998300720792,0.0923821163619315,0.07017404172673919,0.05489046437423187
241,Pacoima,75014,28055.236,35331.594,7051.316,4575.854,1383.4043312642834,4176.1378355821535,633.0971440625315,321.3606890910326,6514.000000000001,6514.0,0.04931002295843397,0.11819839873576476,0.0897842536148616,0.07022966403452396
242,Wilmington,51517,19370.392,24367.541,4636.53,3091.02,601.8972984177957,1814.9809798049105,262.32641881976,136.7953029575339,2816.0,2816.0,0.031073057190468614,0.07448355087634449,0.05657817782258716,0.044255715898808126
243,Green Meadows,28381,11522.686000000002,12288.973,2270.48,2270.48,335.56758994214294,857.8636380383614,120.39513392228837,94.17363809720707,1407.9999999999998,1408.0,0.029122340914448496,0.06980759401443566,0.05302629132266674,0.04147741362936783
244,Huntington Park,61370,23075.12,29887.19,5216.450000000001,3191.2400000000002,937.9890393047964,2912.1602404515666,386.0946788815503,184.75604136208653,4421.0,4421.0,0.040649367773809904,0.0974384089120311,0.07401483362853094,0.0578947498032384
245,Vermont Vista,23291,9293.109,10038.421,2352.3909999999996,1560.497,667.6991640002925,1728.867042091176,307.7473220614471,159.6864718470847,2864.0,2864.0,0.07184884670999689,0.17222499854221854,0.1308232016112318,0.10233052152428662
246,Hawaiian Gardens,14915,5757.1900000000005,6831.070000000001,1387.0950000000003,939.645,185.59074805058634,527.8504351774368,81.41734538164809,43.1414713903288,838.0000000000001,838.0,0.03223634239109467,0.07727199914177965,0.05869630081692175,0.045912521633519894
247,South Gate,96418,36060.332,46377.058000000005,8774.038,5206.572000000001,1487.4763921201734,4585.63986501041,658.9991338455507,305.8846090238666,7038.000000000001,7038.0,0.04124965882510936,0.09887733424165046,0.07510785043848119,0.058749712675416094
248,Vermont Knolls,20616,7999.008,9297.816,1979.136,1340.04,237.9693972903836,663.0439479206996,107.20760400863458,56.77905078028227,1065.0,1065.0,0.029749863644389855,0.07131179493342302,0.054168891884455936,0.04237116114465409
249,Florence,43815,17964.15,19935.824999999997,3286.125,2585.085,,,,,,,,,,
250,University Park,23596,5167.524,15927.3,1392.164,1085.416,172.04463196960378,1271.0925489336446,84.39447100521632,51.468348091535354,1579.0,1579.0,0.033293436463885565,0.07980590237727955,0.0606210697915018,0.04741808494764713
251,Broadway-Manchester,23471,9623.11,10515.008,1971.564,1361.318,,,,,,,,,,
252,Maywood,28083,10952.37,13704.503999999999,2246.64,1207.569,457.624688594957,1372.5906926916653,170.92272112550694,71.86189758787137,2073.0000000000005,2073.0,0.0417831655244442,0.10015617440015818,0.07607926553676021,0.05950955811872562
253,Lynwood,69899,28029.499,33411.722,5661.819,2865.8589999999995,1184.92442042718,3385.716284632538,435.80907378285127,172.5502211574305,5179.0,5179.0,0.04227419192997991,0.10133318733564639,0.07697333203036891,0.060208901120896226
254,Lennox,22950,9340.650000000001,11153.699999999999,1514.7,940.9499999999999,,,,,,,,,,
255,Historic South-Central,49728,19443.648,24565.632,3779.328,1939.392,,,,,,,,,,
256,South Park,30496,12228.896,14668.576,2104.224,1524.8000000000002,673.3615846307835,1936.0894939738462,210.96869976209263,119.58022163327772,2939.9999999999995,2940.0,0.0550631540762783,0.13198891930435827,0.1002596205356904,0.07842354514249587
257,East Compton,13802,5769.236000000001,6252.3060000000005,1269.7839999999999,510.6740000000001,,,,,,,,,,
258,Cudahy,24208,10094.736,11426.176,1791.3920000000003,919.904,429.17750230354096,1164.445803189581,138.67481163835367,55.7018828685242,1788.0,1788.0,0.04251498031286216,0.10191036819226144,0.07741176227110183,0.06055184331030651
259,Central-Alameda,40947,17033.952,19408.878,2702.502,1801.6680000000001,,,,,,,,,,
260,Florence-Firestone,60154,25144.372000000003,27610.686,4391.241999999999,2947.5460000000003,,,,,,,,,,
261,Bell Gardens,44054,18194.302,20793.487999999998,3304.0499999999997,1762.16,767.8088304146686,2103.397909107105,253.8804656597034,105.91279481852281,3231.0,3231.0,0.042200510380374506,0.10115656926375725,0.07683917182237054,0.06010396037733396
262,Vernon,94,42.017999999999994,39.010000000000005,9.964,3.008,7.182406331142922,15.984053805621489,3.1012250617156707,0.7323148015199151,26.999999999999996,27.0,0.1709364160869847,0.40974247130534447,0.3112429809028172,0.2434557185903973
263,Watts,36815,16787.64,15462.300000000001,2650.6800000000003,1914.38,797.765528416937,1761.311223456094,229.35483091805227,129.56841720891657,2918.0,2918.0,0.04752100524057801,0.113910040773759,0.08652678969851217,0.06768166049003675
